0,1,2,3,4,5,6,7,8,9,10,11,12,13,14,15,16,17,18,19,20,21,22,23,24,25,26,27,28,29,30,31,32,33,34,35,36,37
etfc
fb
nflx
mu,amat,lrcx
msft,symc,flt,de,lyb
googl,fb
pm,bti,bti
twtr
amzn
aapl
twtr,fb,goog,msft
unh
zyne,insy
teva,nvo
s,vz,t,tmus
msft
mcd,ko,fb,amzn,nflx,googl
goog,yum
pfe,nvs,lly
jwn
pfe
msci
cbs
ua,uaa,nke,lulu,colm
spwr,fslr
msft,crm,dpz,dg,nee,unh,v,sbac
amd,intc,nvda
biib,gild,celg,amgn,vrtx,regn,exas,incy,acad
fb,snap,googl,c
m,jcp,fl,cvs,wmt
intc
amzn,fb,w,etsy,z,twtr
tsla
aapl,t,vz,s,tmus,stm
fb,goog
xom,cvx,cvx,vlo,mpc
amzn,aapl,goog
halo,celg,lly,mrk
ms,gs,c,jpm
tsla
goog,aapl,msft,bidu,msft
bac,baba
chk,rig,fcx
cmg,adp
jnj,sbux,v,epd,psa,slb
nflx,fb,amzn
tlry,cgc
jpm,c,avgo
txn,bks,intc
tgt,goog
nvda
dis
msci
ntes,bidu,baba
cara
tsla
wb,sina,baba
nflx
pvh,nke,rl
myl,teva
jpm
nflx
fb
amzn,snap
ba,lmt
mcd,nvda,amd,xom,cl,ms,bkng,pm,bwa,tap,oi
aapl
tsla,f
aapl
qcom,nxpi
jpm,wfc,c,bac,gs,ms
amzn
snap,goog,googl
atvi,ea,ttwo
gg,gold,aem
roku,aapl,nflx,googl,amzn
mmm
aapl
googl
z,amzn,bby
amzn
tsla
intc,msft
amd,mu,stx,nvda,pstg
vntv,wpg,jpm,ma,gpn
ge,aapl
aapl
jbl,aapl
s
nflx,fb,goog,amzn
aapl
fb,goog,twtr
mu
luv,dal,aal,ual
fb,amzn,nflx,goog
vz,aaba
googl,fb
nvda
ms,chl,vod,vz,amt,cci,csco,qcom,nvda,tsla
mu,intc
v,ma
biib
aapl,fb,twtr,amzn
pg
aapl
ba
ba,utx
hal,baba
jpm
biib,gild,vrtx,incy,bmo
aapl,amzn,goog
jpm
slb
jpm,c,bac
amzn
kr,amzn,amzn
qcom,nxpi
nke,fl,dks
aapl,goog,nflx,fb
amzn,bkng,googl,goog,znwaa
amd
baba
aapl
spot,aapl,googl,amzn,ebay,nflx
tsla
mu
fb
mu
ge
luv,dal,aal,ual
amzn
myl,bmy,mrk,gild,gsk,jnj
amzn
sq
isrg
x
msft
nvs
goog,fb
amzn,jpm
msft,googl
amzn,aapl,msft
ual,aal,dal,ual
ally
celg
bac
msft
gs
amzn
nflx
cbs
axl
nflx
dwdp
sq
gm
aapl
cmcsa,foxa,dis
fdx,ups,amzn
jnj,pfe,mrk,unh
mu
khc,ul
ba,dal
intc
baba
blue,gild,gild,celg
amzn,amzn,cpb,ul,cag,aprn
tmus,s
amgn,hcp,hog
twtr,sq,fb,googl,amzn,nflx,aapl,snap,dis
tgt,wmt,amzn,cost
nvda,amd
amzn,fb,googl,nflx
nflx,dis
dhi
msft
luv,csx
amzn,goog
snap,fb,twtr
fb,nflx,aapl,tsm
amd
djp
gme
gpro,fit,grmn,aapl,fb,snap
schw
ba,lmt
m
amzn,aapl
ba,jblu,ge
amzn,wmt,nke
aep,pcg,peg,xel
sbux
dis,foxa
wy
tgt,hd,rost,bby
aaba,symc,csco,panw,cybr
fb
intc
aapl,dis
amzn,tgt,aapl,lulu,anf,bbby,aap
aapl,fb,goog,amzn,nflx,baba
nflx
aal,dal,luv
msft,amzn,aapl,goog
nke,uaa
ba
tsla,pep,ups,wmt
w,rh,amzn,wmt
baba,blk,gs,pypl
atvi,ntes,ttwo,nvda,msft
amd,intc
msft
tgt,wmt,amzn
djco,cost
baba,snap
axp
aapl
msft,qcom,intc
aapl,amzn,goog
aapl
nio,tsla
googl,amzn
jnj
fdx
tsla,gm,tm
wtw
qcom
fb
pxd,gel,trgp,apc,nbl,cog,rrc
nvda,tm
kr,wmt,hain,khc
aapl
ibtx,bxs,tsc,homb,cbtx,tbk
sbux,baba
aapl
tmus,s,t,vz,tmus,s
c
pzza
atvi
msft
ibm,hd,tgt,hsy,pg,amzn
fit,aapl,grmn
tsn,cag,gis
amzn
twtr
aapl
alk,dal,luv,ual,aal
celg
ba,lmt,utx
tsla,googl,intc,aapl
oxy,dk,pxd,wpx,eog,su,slb
amzn,ms,wmt,ebay,etsy,meli,baba
amzn,aapl,ge
fb
fb,snap,googl
cs
cgc,tlry,nbev,smg
aapl,fb,goog
ostk,sivb,sq,amd
tsla
pg,fb,googl,ul
twtr,bmy,yelp,etfc,aapl,csco,ci,kmb,mxim,yelp,twtr,bmy,incy,ew,xpo,tdg,chrw,cnx,etfc,aap,t
tgt,kr,amzn,wmt,goog
tsm,aapl,mksi,swks,on,intc,qcom,txn
kof,ko
ksu,ual,dal,lstr
cvs
sq,amd,intc,msft,v,amzn
f,scs
vod,lbtya
efx
amzn
tsla
nvda
amd,intc
tsla,fslr,spwr
googl
cmcsa,foxa,dis,t
aapl
cgc,tlry
fcx
ice,nflx,goog,bac,tmus,bax,dwdp,baba
fb,amzn,nflx,goog,sq
acn,ma,rost,anss,chrw,ctsh,ew,payx,v
ba,aapl
wba,ge
ccl
aapl,vz
vale
csco,swks,aapl
goog,f
twtr,fb,goog
xec,mtdr,pe,fang,cxo,cpe
ms
vz,aaba
fb,atvi,znga
m,kr,fl,navi,ge,viab,alk,amzn
csco,g
bgne,plse,clsd,reta,pti
gm,f,tsla
wmt
bac,c,jpm,wfc
adbe,bac
cat,de,ba,hon,emr,utx
aapl,hpq,msft,fb,bac,goog,xrx,ual,dow,csco,fe
rad,amzn,wba,cvs
intc,txn,qcom,tsm,avgo,swks,nvda,qrvo
bac,c,wfc
fb,goog
dis,nflx
aks,stld,ati,nue
tsla,intc,pcg,eix,amzn,fb,goog,aapl,stz,dpz
rev,amzn
crk
fb,nvda
qlys,cybr,ftnt,pfpt,keyw,csco,vrsn
nke,uaa
msft,ndaq
amzn,wmt,kr,tgt
cvx
twtr,googl,t,vz,jnj
uaa,ua
bmy
fb,msft,yext,wfc,googl,mu,nvda,nflx,amzn,orcl,ibm
m,amzn
amzn,tsla,goog,aapl
celg
bb
aapl,amzn
msft
m,amzn
whr
snap
gpro
amzn,wmt
tsla
fdx,ups
amd,intc
tmus,s,vz,t
gs,avgo,vlo,amzn,chk,fcx
dis
ccl
baba
vgr,gps,oke,t,qcom,mcy,cat,nvs,vz,so
bp
ge,pfe,ba
cmcsa,cpb,mgm,wmb,aaba
rf,cit,c,jpm,ms
shop
amd,nvda
jpm
gm,tsla
aapl,goog,amzn,blk
gps,amzn
amzn,burl,rost,tjx,m,jwn,kss
amd
cgc,cron,tlry
pfe,mrk,jnj,bmy
gs,adm,nbl,hca,hpe,stx,ual,ctl,aes,mrk
amzn,nflx
ba
dis,foxa
tsla
msft
amd,nvda
aapl
goog,wmt,baba
vz
rost
amd,nvda,intc
fb,pg,googl
gs
twtr
tsla,twtr
iep
gs,msft,goog
aapl,amzn
amag
anet,eqix,csco,msft
axp
ko,mnst
jwn
ry
aapl
ma,axp,pypl
efx,jpm,adp,td
bac
baba
nke,fl,scvl
fb,aapl,amzn
wfc
amgn,biib,jazz
aapl
jpm,c,gs
ba,save
cme
tsla
schw
nflx,amzn,dis,aapl,t
ge
schw,jpm
uthr,jnj
wynn,cmg
gis,tsn,mcd,amzn
roku,dis,nflx
abt,bsx,mdt,syk,bax,ew,zbh
dds,amzn
dpz,dri,wen,yum,mcd,sbux,cmg
aapl
tsla,amd,aapl,ctl,t,ge
arna,immu,anab,hrtx,enta,aimt
gild
sq,twtr,pypl,fdc
amzn
gs,c,jpm,ryaay
aapl,amzn,msft
bac,c,gs,jpm,ms,wfc,ab,bcs
cbs,viab
sbux,jpm,v
tsla
tsla,fmc,sqm
ba
tpr,trp
mo,tap
googl,goog,msft
avgo
baba,amzn
amzn,goog,intc,msft,aapl,jnj,f,ibm,fb
amd,nvda
amgn,nvs,abbv
baba,aaba,vz
qcom,nxpi,aapl
aapl
nflx,dis,aapl,amzn,fb
tsla
hd,low,wy,lpx,usg,mlm,oc,becn,x,aks
rad,wba
avgo,qcom,txn,intc,swks,qrvo,lscc,crus
cmg,sbux,mcd,yum
amzn,goog,msft
on,nxpi,adi,mxim,txn,intc,amd
amot,ufpt,ely,mlab,usph,jout,hfwa,lmat
snap
cmg
t,vz
amzn
rl,zts,coo,qgen,mkc,siri
amzn,goog,intc,msft
amzn,irbt,evlv
ge
amzn
aapl,amzn,nvda
mdlz,hsy
icad
celg,amgn,gild,biib
jpm,c,bac
xom
cat
amzn,wba,rad,cvs,wba,jpm
blk
intc,tsm,mu,nvda,txn
blk
goog
blk
wba,amzn
amzn
jpm
amzn,vmw,msft,goog,ibm
fb,amzn,aapl,nflx,googl
goog
tsla
fdx
blk
aapl,qcom,intc
grub
gpro
amd
znga,dis,fb
nvda
grub
wu
amzn,plce,bke,five
aapl,googl,fb
gs,bac,c
bac,c,jpm,gs
fcx
fdc
tsla
immu
riot,mara,ueps
msft,snap
bhp,rio
avgo,lrcx,amat
fb,googl,ostk
nvda
fb,amzn,nflx,googl,wmt
amgn,aldr,lly,teva
symc,feye
aapl
pfe
nvda,amd
aapl,fb,ul,goog,pcg,xom,tsla
shop
bbby
pg
ms,gs
amzn,fdx,ups,gs,cs
nvda,amd
jpm,msft
aapl,nok
aapl
tsla
mdt,eog,googl,aapl
nvda,googl
pcty,wk,znga
nvda
aapl
wtw
fb,z,amzn
clx,gild,nov,pnr,un,xyl
jnj,ibm,aapl
tsla,cybr
eog
c
amzn
gs,twtr,seas,kmb,tmus,s,rad,etsy,bmrn,vrtx,incy,alxn
cat
amzn,amzn,wba,rad,fred,cvs
qcom
schw
aapl,amzn,msft
googl,amzn,nflx,wmt,aapl
lulu,nke,uaa
intc
gs
gme,nflx
avp,nus,rev
amzn,wmt,cvs
vod,chl
nvda,amd
sny,regn
sbux
csco,ftnt,chkp,msft,ibm,panw,feye,cybr
baba,pdd,f,sbux
nflx
kr,amzn,amzn,wmt
kss,rost,tjx
ba,ge
sq
fb,twtr
fb
amzn,msft
tap
aapl
amd
tsla
amzn,wmt,tgt,pm,gm,khc,clx,pg
htbx,bmy,mrk,azn
soda,ko,pep
vz
adbe,nati,idxx,vmw,flo,xyl,azo,siri,expe,wat
gme
nee,duk,d
bmy,celg,lly,gild,mrk,pfe,fb,amzn,nflx,googl,unh
nlsn
gm
dis,cmcsa,foxa,nflx
jpm
tsla
jpm,amzn
gs,ms,bac,jpm,c,wfc
bb,aapl,googl
snap,twtr,fb
tsla
googl,amzn,aapl
sbux
egrx,gild,teva
jjc,jju
qcom,avgo,nxpi
amzn
intc,aapl
fb,amzn,aapl,nflx,goog,six,abbv,ipg,saft
nvda,amd
plug,amzn,wmt,hd
fb,goog,amzn
amzn,wmt
atvi
ttd
sfly
amgn,sny,nvs,abbv,agn,nvo,pfe
wb,nvda,now,sq,shop,fb,aapl,amzn
avgo,swks,qrvo,intc,txn,amba
amgn,gild
biib,ions
gt,tsla
cat
csco
fb
nvs,t
aapl,msft
cxw,geo
tgt,cost
adsk,ttwo
alxn,bmrn
nvda
jpm
de
jjc,jju
aapl,amzn
ibm
goog,hpq,aapl
wix,csco
grub,yelp,grpn
pm,mo,bti,bti
aapl,bac,jpm,v,ba,nvda
csco
lrcx,swks,ter
amzn,wmt,baba
vfc
fb
iep,ten
nvda
aapl,spot,googl
baba,pypl,amzn,googl,fb
cbmg,celg,gild,nvs
snap
jpm
googl,fb
gs,isrg,algn,ilmn,ulta,rhi,vlo,ea,pxd
ebay
amzn,msft,baba,googl,ibm,wmt
ma,kr,fit,v,aapl
f,fcau
dis,fox,t,cmcsa
plce,amzn,ebf,hvt,smp
edit,crsp,ntla
tsla,amd,aapl,nflx,amzn,baba
wfc
amzn,ge,f,goog,msft
fb
wmt,goog,amzn,msft,baba
amzn,tgt,wmt,prty
tjx,v,ma,hd,tgt
aeo
kr,gs,amzn,wmt
s,aapl,tmus,vz,t
baba
aapl
roku
tpr,lulu,uaa,pvh
blk
db
ba
hlf
ogs,nee,es,sre
tsla
clf
teva
hsbc
sdrl,pbr
baba,jd
tsla
aapl
fb,snap
br
mdt,aapl,googl
gs,snap,fb,aal,msft
m
afl,dox,bce,ko,hon,l,pep,rsg,pg
f,ssys
goog,msft,t,fang,grmn,sivb
fb,dis,bt,goog,aapl,snap,twtr
data,grub,hubs,shop,adbe
fb
mtch,yum,dpz,five,burl,lulu,aeo,tpr
aapl,dis,nflx
sgg
tsla
tsla
dal,aal,luv,ual
aapl,qcom,intc
gs
amzn,s,tu,aapl
dis,msft
orly,mos,kr,amzn,amzn
tsla
amgn,celg,gild,uthr,alny,alks,fb,nvda,amat,adbe,aapl,msft
bac
dis,nflx
aapl
gs
intl
tsla
kss,amzn
msft
ge
pg,ko
tsla
plug
tsla,gm,f
wfc,jpm,bac,c
mat,mat
wmt
aapl,sne,swks,crus,avgo,qrvo,stm,fnsr,iivi,lite
sage,acad,alks,supn
fb,dpz,flws
aapl,nflx
jpm
mtch
t
amd,intc
amzn,jpm,ally,amtd,cof
csco
intc
pm
googl,msft
via,nflx,googl,dish
intc
tsla,gs,gm
gs,usb,dal,aapl,bk
fdc,v,ma,sq,pypl
jpm,bac,c,ms
yum,amzn,tsla
orcl,googl
sne,fb
aapl
dds
jnj
fslr,csiq
tsla,wmt,jbht
aapl,wdc,mu,avgo,swks,qrvo
amzn,roku,bby
myl,gild,amgn,exel
siri,aapl,googl,amzn
tsla
fb,goog
utx,mmm,jnj,fcx
amzn,wba,cvs
ge,hon,utx,ba,mmm
v
fb,snap
aapl
wfc
gs
gs
foxa,pcg,lbtyk,aaba,unvr,t
ma,v
amzn
cat,db
f
conn
aapl
fbhs,dlr,utx,jpm,shw,hlt
mu
fb,amzn,nflx,googl
googl,mu,dxc,cma,etfc,schw,amzn,nflx
dal,ba,utx
dks,bgfv
amzn,cbs,nflx
csx,cvs,dg,intu,psa,vz,wfc,lad,bco,sppi,acls
googl,fb,amzn,msft
baba
msft
hun
car,hri,googl,aapl
blk
gm
pypl
amzn
tsla
intc,amd
aapl
gs
snap
hd
sq
fb,twtr
fb
mcd,nke,jnj,uaa,ua
gold,nem
cs
hlf
fb
dis
ge
nflx
six,seas,fun,dis
amzn,googl,cat,mmm
cara
ges,anf
ko,tlry,cron,cgc
aapl,gm,googl,f,tsla
jpm,gs,dis,dis,axp,ir,rcl,lrcx,mar,ms,dfs
algn
ci,len,oxy,luv,bac,key,unh,c,ms
gild,amgn
bkng
jpm,v,intc,nke,csco,msft,ba,ge,xom,pg,vz,wmt
tmus
rjf,sivb,fhn,tcbi,fbk,tsc,hbmd,boch,jpm
orcl
cmg
wba,rad,amzn,cvs,antm,unh,ci
nflx
cvx,oxy
nflx,fb,amzn,goog
bidu,baba,f,tsla
dis,nflx
gme
nvda,intc,amd
amzn
ms
sbux,ul
gis,kr,wmt,amzn,cpb,k
ko,pep
tsla
aapl
mcd,ba
cmg
nvda
mu,nvda,amd
amzn,baba,nflx
fit,aapl
v,ma,pypl
amzn,aapl,jwn,amcx
aapl,amzn,tsla,goog
hlf
stz,bud
tsla,gm,googl
amzn
crbp,vrtx
wfc
rtn,utx
roku,nflx,googl,aapl,avgo,qcom,qrvo,crus
docu,ms,jpm,msft,crm,intc,googl,orcl,adbe
biib,gild
car,aapl,goog
aapl
psx
bbby,odp,gme
amzn,tsla
snap,ms,tsla,nvda,nflx,aapl
msft,amzn,ibm,googl
nke,ko,fb
avgo,qcom
wfc,nvda,byd,amat,czr,aapl,cmcsa,luv
amzn
snap,fb
baba
goog,msft,t,twtr,nflx,etsy
gs
jpm
ino
avgo,key,gps,qcom,amzn
sbux
fb,googl,blk
gis
aapl
wday,orcl,sap
ual
gis
amzn,fb,googl,aapl,nflx
phm,mdc,bzh,ccs,mth
dks,amzn,tsco
axp,bac,jpm
fcx,scco
aapl
gs,cs
cmg
cron,tlry
azn
cmg
baba
cmcsa,dis
mcd,hd,nke
tsla
snap,fb,googl
aapl
has,hrb,azo,wmt,gild,celg,amgn,aapl,fb,googl,msft,ma
jcp
paa,acc,s
amzn,jpm
amzn,m
baba
tmus
cgc,tlry,cron,gwph
f,gm
amd,intc
cvs,amzn,wmt,tgt,wba,rad,jpm
fdx
bac
shop
amzn,baba,aapl,goog,v,tsm
amd
cvs,amzn
amzn,ibm,orcl,bidu,googl
gis,sjm,cpb
aapl,wfc
orcl,w,nvda
amd,nvda
xom,cvx,xom,cvx
trv,rnr
amzn,nflx,lbrda
msft,googl,fb,aapl,amzn
dal
amzn
ibm
amzn,amzn,aprn
deo
aapl,foxa,cpb,amzn,d,ln,wmw,lly,biib
deo,abev
kbh,dhi,phm
blk
bac,fb,aapl,amzn,msft,googl,nvda,mu
ge
aapl,msft
fb
fomx,derm,agn,prtk
twtr
fb
nflx
amzn,amd
aapl,tsla,jnj,msft
mara
s,tmus,t,vz,cmcsa,chtr
blue,celg
fb,amzn,twtr,goog
sppp
gluu
cnat,nvs,zyne,prtk
aapl
aapl
ibm,wmt,ul
googl
c
amd,nvda,mu
amzn
gs,aapl
nvda,xlnx
intc,amd
tsla,baba
ea,atvi,ttwo,amd,intc
low,fds,bby,whr
bac,c,jpm,wfc,ms,gs
fb,googl
mcd
roku
cost
aapl
aapl
epc,pg,ul,khc
twlo
aapl,fb,nflx
unh,hum,antm,ci
nke,uaa
tsla
t,trco,sbgi,pbf,imos,fwp,fox,vsat
aapl,goog,fb,amzn
v,msft
pcg
cme
tap,stz
aapl,mat,amzn,m,wmt
aapl
amzn,msft,fb,googl,baba,csco,anet,cone,dlr,stx,crm,nvda,avgo
amd
nke
gene
mgm
stx
axp
nvda,amd
adap,mrk,amgn,sppi,celg
amzn,fb,baba,jd,wuba,mmyt,meli,wmt
gild
lc,ondk
amzn,msft
fb
flr
xene,derm,fomx
googl,msft,amzn,ibm,acn,fb
ftnt,cybr
v
tif,sig
aapl
cvx,xom
gs
orcl,amzn,msft,adbe,aapl,tri,crm,wday
spot,googl,aapl
nke,utx,qsr,cmg,adp,mdlz
mrk
gps,jwn,gps,lb,rl,m,amzn
t,dis,cbs,foxa,fb,amzn,aapl,nflx,goog
wy,ip
amzn
ibm
ma
nflx,bidu,amzn
mdco,amgn,wd
ge
unp
wmt,fdx,amzn,tgt,odp,wba,kr
amzn
aapl
aig,csx,arnc,avp
jnj,pg
uscr,exp,mlm,vmc,cx,sum
amzn,fb,googl
gs
pzza
aapl,msft,fb,googl,intc
c,jpm,bac,wfc,gs,ms,ab
intc,nvda,qcom,f,fcau,ba,cat,mmm,adm,de,nke,aapl,yum,sbux
swks,nvda,aapl
gm
aprn,wmt,kr,amzn
mcd,yum
sbux
aapl,qcom
jbht,lstr
xom
t,amzn,aapl,goog,fb,nflx,cmcsa,dis,foxa
nke,fl,ua
wmt,amzn
blk,aapl,mmm,nvda
lvs,wynn,mu,nvda,c
trow,bac
baba
wfc
jblu,amzn
goog,ma
snap
aapl
t,amzn,ibm,box,csco,crm,msft,hpq,vmw
jpm,wfc
mrk,biib,lly,nvs,amgn
mlco,mgm,wynn
rio,bhp,fcx
baba,momo
oil
regn,sny
pets
fb,twtr
qcom,aapl
tpx
aapl,wfc,bac
tsla
bam,bx,ups
etfc
amzn,baba
amzn,msft,ibm,googl,aapl,fb
amzn,nflx,dis,foxa
wfc,jpm,c
fdx
googl,tsla,gm,f,fcau,hmc,true
m
amzn,msft
auph
amt,spg
aapl
amzn
nflx
mcd
snap,fb,googl
adsk
nke,ua
ma
adbe
dltr,stz,kmb,low
bac,jpm
fb,nflx,amzn
twtr,sq,goog,fb
dis
ua
fl,amzn,plce,dis,five,rusha
nke,ua
bx,cg,kkr
v
twtr,ebay
avgo,qcom,aapl,nxpi
jpm,pnc
exel
immu,sgen
fb,aapl,msft,baba,goog
tsla
nflx
ba,mmm,cat
dis,nflx,amzn
amzn,nflx
gme
fb,googl,msft,sne,gpro,intc,aapl,qcom,dis,nvda
etfc
ibm
aapl,googl,amzn
dis,nflx,amzn,foxa
mu,nvda
mu
nsc,lstr
ostk
nvda,amd
gs,fb,tsla,nvda,nvda
agn,etp,wpz,googl,fb,cbs,symc,bac,gm
fb,goog,twtr,sono
bb,intc
adbe
sorl
googl
fb
amzn,msft,goog,orcl
rkda
amzn,ups,fdx
tndm,mdt,podd
fb,goog,aapl
amzn,v,ma,pypl
gs,met,x,akam
nvda,amzn,msft
jpm
vz
snap,fb,twtr
ge
cmcsa,fox,dis
amzn,googl,msft
tsla
cost,amzn,amzn
aapl,lite
dis,nflx
schw
adbe,msft,ntap,orcl,crm,amzn,googl,fb,ibm,hpe,acn,ctsh,dxc,sap,wdc,stx,mu
hal,slb,apc,cvx
dis,nflx
aapl
blk,aobc,vsto,rgr
lmt
amzn,aprn,sfm,snap,bmy,bmrn,eqt
cde,clf,fcx,rio,bhp
unh,antm
mdlz,hsy
baba,amzn
aal,ual,save,dal,alk,jblu,luv
tsla
amzn,goog,fb
baba,amzn
amzn,msft,goog
dis,sne
trvg
crm,msft,orcl,sap
nvda
san,jpm,wmt,ibm,mgi,wu
twtr,fb
goog
gs,hd,ba,fb,goog,aapl,mdlz,yum,tsla
amzn,nflx,t,vz,msci,cmcsa,dis,goog,fb
amzn,xom,jnj
ebay
amzn,m
tvix
nke,uaa
fb,goog
vcel
x
tsla
amd,nvda,intc
clvs,exel,biib,alxn
mcd
gild
aapl,fb
fcx
tsla,gm,f
aapl
adbe,ms,bac,tmus,crm
gild
amzn
mrk,agn,azn,lly,nvo
bmy
amzn,nflx,bhf
tsla
aapl,goog,tsla,msft,amzn,fb,nflx
intc,amd,nvda
v
amd,nvda
mbrx
gm,f,hmc,tm,fcau
mo,pm,pyx,cron,tlry,cgc
kr,amzn
tsla
s,tmus,cmcsa
dis
nktr,ipci
jnj
gs,nflx,eqt,cxo,cboe,blk,algn,amzn,nvda
amzn,fdx,ups
intc
celg
jpm
blk,aapl,msft
nvda
amzn,baba
ibm,okta,panw,now,rng,azpn,docu
fb
msi,vz,aapl,goog
aapl,atvi
bac
wb,wb
x,aks,stld,nue
bp,tot
msft,amzn,fb
nflx,dis,amzn
viab,cbs
amzn,wmt,ebay
wmt,bby,big,tgt,cost,hd,low
gs,gs
nflx
tsla
gs,fmc,eqt,nflx,amzn,vrtx,schw,jbht,cboe,pgr,ctas
atvi,amzn,dis
msft,amzn
amzn
aapl,googl,fb
aapl,googl,xom
aapl
pypl,amzn,sq,ebay,googl,c,jpm,bcs,fb
gm,tsla
wmt,amzn,baba
c,msft
twtr,fb
gs,swks,adbe,intu,ma,anss,ctsh,txn
fb,amzn,googl,nflx
bbby,wba
bgne,plse,agle,ntla,hcm
aaoi
cop,mpc,apc
gm,f
tsla,tsla
tsla
fb
goog,fb,amzn
tsla
dlph,goog,f
wmt,amzn
tsla
wmt,amzn,tgt,jcp,m
t,vz,jnj,goog,fb
amzn,m
aapl,syf,ibm,chtr,wfc,khc,ko,bac
googl,wmt,amzn,amzn
mcd
cmg
fb,googl,amzn
fb,aapl,amzn,nflx,googl,bac
mcd,fb,googl,msft
nok,intc
jcp,ccr,twtr,esv,gm
aapl,fb
jnj,celg,amgn
aapl
aapl,amzn
amzn,fdx,ups,aal,ual,dal
bidu,goog,tsla,nvda
nvda,amd
seas
amzn,nflx,ulta,nvda,chk,aig
exas
ibm,bcs,c
gm,adsk,ge,f
snap,fb,aapl
m,jwn,jcp,kss,wmt
amzn
baba,jd
spot,aapl,googl
sbux
jpm,jpm
c,mrk,abbv,pfe,jnj,gild,celg,sny
pfe,amgn,jnj,mrk,lly,bmy,incy,gild
hal,apc,slb
baba,jd,amzn,jpm,wfc,c,bac
aapl,tsla
mu,nvda,googl,orcl,amzn,ibm,nflx,wfc
hlf
csco
t
fb,googl
m,amzn
nvda
odp
dis
hii,flir,hxl
roku
fb,cmcsa,teva,ptc,eqt,zbh,tif,aaba
fslr,tot,spwr,vslr
nvs
amzn,amzn,wmt,kr
amgn,biib,bmy,lly,gild,jnj,mrk,pfe
bhge,clr,sivb,stt,cat,wwe,vlo
v,ma
twtr
jpm,c
m,dds,kss
jpm
fb,googl,amzn
m
bmy
lvs
bks,amzn
espr
cmg
mu
goog,fb,twtr
nvda,avgo,fisv
cmcsa,fox,dis,nflx,amzn
fb,snap
celg
aapl,swks,tsm,qcom,avgo
jjc
ostk
ibm
nvda,intc
gme,amzn,bby
bp,ing,tsm
ko
bidu,baba,nvda,baba
fb
gs,msft,v,aapl,jpm,ge,wmt,axp,ko,pg
dis
cvs,amzn
schw
nflx
intc,mu,swks
xom,cvx
ibm
crc
vz
ko
sne
goog,fb,v,unh,aapl,hd,ew,nke,isrg,xlnx,anet,csco
msft
amzn,fb,goog
ge
baba,bidu,wb,momo,msft
asml,sap,stm
nflx,dis,viab
snap
nflx
wynn
race,shop
twtr
baba
qcom,lly,mrk,wba,ccl,tgt,omc,amzn,kr
htgm
bjri,dri,play,rrgb,txrh
anet,csco
ba,vz,mcd,xom,cvx
googl,aapl
m,jcp,gps,tjx
gm,fcau,f
fb,amzn,twtr,nflx
msft
cost
fb,pg
aaba,baba,vz,x,t
aapl
avgo
snap
jjc,jju
ssnlf,aapl
csx,unp
baba
snap,tsla,t
pep,ko
chl,ubs,db,nem
aapl,fb,goog
adm,de,nke,aapl,yum,sbux
aapl,sne,nflx
cytr
amzn,msft,googl,fb
aapl
aapl
ul,googl,fb,twtr,snap,amzn
hlf
goog,fb,nws
googl,fb,twtr,snap
avgo,qcom
cmg,yum,pg
fdx,ups,amzn
gs
aapl
wba,rad
stx,wdc
nvda,amd
amzn,fb
amzn,tgt
pfe
htz
rdus,biib,amgn,vrtx,gild,celg
fb
baba
baba
msft,amzn,jnpr
dbx,snap
aapl,goog,msft,amzn,pypl
sbux,h,yum
dis,amgn
ibm
aapl,bac,c
msft,goog,amzn,crm,baba
acor
amzn
ge,wba
fb,aapl,amzn,nflx,googl
googl,fb,amzn,snap,vz,msft,twtr
wmt,amzn,wfm,cag,k,khc,cpb,gis
viab,cbs,t,dis,foxa,nflx
gs,jpm,c,wfc
amd,intc,hpq
crus,swks,aapl,avgo
amzn,orcl,ibm,bidu,googl
bud
tsla
baba,jd
crm
gs,nbl,tap,avgo,tsn,azo,ebay,fcx,incy,algn
baba,jd
c,bac,jpm
msft,amzn
mu,fb,aapl,baba,wdc,hca
lmt,rtn
kss,jwn,dds
aapl,fb,goog
avgo
tgt,dks,kr,amzn,wmt,jcp,conn
gps,anf
rrgb
aapl
jnj
cron,cgc,tlry,stz,deo
baba,f,bidu,tsla
de
nke
nvda
mu,nvda,csco,hpe,googl,amzn,ibm,msft,avgo,stx,baba
nvs,gsk
rl
baba,wmt,pags,snap
mu
fb
amzn,googl,nvda
jd
aapl
jd,baba,bidu
celg,gild
tsg
dis
fdx,jbht
rig
ms,gs,wynn,lvs,mgm
tsla
nvda,intc
aapl,intc,msft,qcom
dis,fox
msft
ge
wmt,pg,ko,jnj,mcd
intc
aapl
fb
aapl,dxcm,abt,mdt
jpm,aal,save
aapl,amzn,gm,ge,xom
tsla
fb,twtr,goog
tlry,stz,cgc,gwph
vz
cpb
fdx,ups
fb
googl
aapl,msft,amzn,fb,xom,jnj,jpm,goog,ge,blk,stt
avgo,qcom,aapl,intc
aaba,vz,baba,snap
googl,amzn,nflx
snap,fb
hd,ba,msft
amzn,aapl,jpm,cmcsa
amzn,googl,aapl,fb,wmt,crm
abbv,bac,amzn,msft,intc,csco,v,ma,jpm
aapl
mcd
nflx
fb,amzn,aapl,nflx,goog,crm,ulti,ctrp,gwre,adp,payx
avgo
azo
htz,hlf,pypl,fcx,nuan
intc,mu,swks
fb,msft,goog
aapl
amzn,w,ostk,wmt,bby,ebay
tsla
intc
athm,clne,csiq
hlf
aapl,fb
vz,dis,cbs,viab,t,cmcsa
viab
aapl,nflx
fb,aapl
goog,ea,atvi
amzn,baba
baba
ci,amzn,jpm,wba,unh,hum
pypl,aapl
twtr
msft
sgms,penn,igt,sgms,penn,igt
amd
aapl
baba,amzn
navi,jpm
fb,amzn,tsla
c
low
fb
gm,f
blk,cg
dltr,dg,nflx,hlf
gwph
gild
tsla,gm
mcd,sbux,dnkn,cmg
tsla
dg
msft
fb,bkng,goog
cvx,cop
jpm,sbux,intc,vlo,dal
amzn,wmt,hd,bby,jwn,low,cost,bks
qcom,aapl,avgo
yum,yumc
tsla
dks,mik
tsla,gm,f
fb,aapl
tsla,gm,fcau
msft,nvda,intc,aapl,goog
fdx,unp
ibm
fb
alks
fdc,baba,aapl,pypl,sq,ebay
cxo,psx
nflx,tsla
hsbc,jpm,ms
avgo,qcom
aapl
shop
ge,ar,clr,apc,pbf,gnc,aap,brkr,sohu,akam,opk
goog,fb
holi,ge,hd
tsla,googl,gm
cmcsa,dis,fox,nflx,amzn
ebay
aapl
agn
googl
nsc,lstr
fit,qcom,aapl
ibm
blk
snap,fb
nflx
nvda,amd
dal,ual,aal
mu,nvda,lrcx
fit
csco
msft
msft,aapl
qcom,nxpi
aapl
gs,fb,amzn,aapl,msft,googl
aapl
shop
siri,lsxmb
googl,aapl,msft
tsla
bk,stt,ntrs
gm,f
amzn,aapl,googl,msft,sono,ge,whr,lpl
bac
aapl
pfpt,ftnt,amzn,csco,ibm,chkp,cybr,feye,symc
tsla,googl
jpm,ms,mc,aapl,jpm,ms
baba,jd,bidu
fb,goog,googl
aapl,baba
wfc,googl,amzn,fb,ebay,nflx,baba,jd,bidu,tri
s,chtr
fb
jwn,ko,nke,f,sbux,fb
amzn,nflx
amzn,mcd,cmcsa,hd,gm,f,uaa,dks,skx,m,jcp,tgt
jpm,wfc,bac,c
gild
nflx,aapl,amzn
oil,xom
ccl
ba,noc,tdy
twtr,crm,goog,dis,aapl,msft,lnkd
mcd
jpm,c,gs,wfc,bac,ms,nflx
amzn,pypl,v,ma,fb
ms
twtr
fb
fb,googl
tot,tsla,spwr
adbe,wday,crm
sbux
amzn
f,tsla,tsla,gm
fb,jpm,wfc,c,usb
amzn,wmt
nvda,tsm
baba,amzn
amzn
bac,c,wfc
gild
amd,nvda,xlnx,mxim
nke
amgn,gild
gs
axp
snap,amzn,fb
aapl,fb,googl,spot
ssti,rcm,casa,twlo,momo
snap
mar
msft,aapl
intc,googl
aapl
nvda,intc,tsm
mu
baba,googl,fb,wmt,amzn
biib
wmt,amzn
amzn,aapl,cost
fb,intc,qcom,aapl,googl
jpm,bac,wfc,jnj,pfe,nvs,unh
alxn,gild,mcd,atvi,ccl
fslr
tsla
sgg
bac,ubs
snap
wgo
atvi,schw,jpm,bk,stz,googl
blk
vz,t,twx
ual,save,dal,jblu,luv,aal
aapl,fb,amzn,nflx,googl
vz,cmcsa,dis,cbs,t,aaba,goog,fb,glw
baba,wmt
tsla
aaba,vz,baba
nvda,amd
bac,jpm,wfc
f,bb
fb,aapl,amzn,msft,googl
amzn,msft,wmt
nflx,amzn,goog,cmcsa
qcom,avgo,aapl,nxpi
cost
abbv,chrs,amgn
aapl
kmb,mmm,ed,cah,leg,pep,frt
gs,ms
mkc
amd,nvda,intc
ibm
blk
intc,amat
amzn,googl
cost
amzn
vale,bhp
blk
amzn,ba
fslr
tif,sig
stz,smg,gwph,vgr,mo
aapl
jpm
amd
dis
pypl,fb
goog,ntnx,amzn,msft
amzn,roku,googl,fb
dis,foxa,fox
tgt,wmt,amzn,bbby
pypl,axp,ms,gs,v,ma,msft
snap
mu
wfc
snap
tmus,vz
nke,addyy
low,hd
aapl,nflx,amzn,googl,dis,t
googl,fb,snap,aapl,msft
ibm
avgo,ssnlf,sne
gs,jpm
aapl
cvs,amzn
amzn,aapl,msft,baba
tsla
twtr
nvda
amzn,baba,mtn,crm
baba
aapl,amzn,wmt,msft,googl,wmt
jpm,bac,wfc,c,gs,ms
fit,amzn
atvi,ttwo,ea
aapl,stt,fb,baba,bac,fb,pcg
ibm
nke,ua
ge
schw,hli
cmcsa,chtr
tsla,baba
nke
mo,pm,bti
payx,mtb
baba
amzn,aapl,goog,f,gm
tsla,f,gm,bcs
amzn,t
deo
blk,schw
pe,fnd,amzn,x
aapl
drys,vale
twtr
sq
amzn,kr,wmt
apto
grub,amzn,amzn
wmt,kkr,vno,goog,fb
aapl,goog,f,gm,intc
baba
adbe
nvda
sq,twtr
amzn,aapl,goog,fb
nke,msft,ko,mmm
aapl,aaba,bk,usb,wfc,bac,gs,jpm,c
ma,baba,ibm
baba
f,gm,fcau
goog
jcp
biib,ffiv,isrg,ipgp,ma,vrtx,v,alxn,regn
blk,msft,aapl,nvda
plug,wmt,hd,fslr
msft,de,msft,de
f
db
amd
fb,amzn
dis
amd,fit,snap,gpro,f,aapl,twtr,amzn
hpe,ibm,amzn,msft
msft
aapl
cp
cmg,din,cake,amzn,grub,sq
amzn,googl,tgt,wmt,hd
baba
fb,amzn,wmt,ibm,orcl,aapl,nflx
f,gm
fb
atvi,ttwo,ea,gs
aapl
has,grmn,atvi,rok,mchp,dhi,amgn,cnc,shw,avy
masi,cnmd,mdt
cmcsa,amzn,googl
mlco,tsm,nvda,aapl,grub
mgm
googl
bac
msft,amzn,nflx
jpm,wfc,usb,pnc
hlf
paas,cde,ag
amzn,amzn
aapl,luv,gs,teva
avgo,qcom
mu,orcl
aapl
msft,aapl
nflx
snap
googl
stz
tsla
uaa
amd,nvda
fb,amzn
tsla
aal,dal,ual,luv,ms,sf,c,bcs,axp,alk,bac,save,algt,jpm
aapl
fdp,adm
nflx
dal,aal
c,gs,ms
fb,aapl,amzn,nflx,googl,tsla,twtr,baba,bidu,msft,amd,nvda,mu,txn
kss,dds
yelp,grub
glw
aapl,fb
amzn
ge,gild,ibm
fb,twtr,goog
ibm,aapl,intc
tsla,gs
fb,googl,amzn,nflx,baba
snap
ibm
bac,jpm,wfc,schw
amzn
baba
baba
grmn
amzn,fb,mar,v
c
kr
hum
tsla,pypl,ebay
twtr,fb
amzn,amzn
qcom,nxpi,swks,avgo
uaa,ua
cat,ba
dis
wfc
amzn,jcp,m,anf
hon
ms
fit,grmn
aapl,amzn,dis
googl
bac,bkng,v,amzn,unh,goog,biib,ma,googl,cmcsa,leg,cinf,nws,hrb,pbct
xom
gs
nke,uaa
nke
rbc,tvix
m,jcp,kss
mcd,yum,cmg
amd,nvda
snap,fb
ko,pep
jpm
nflx
aapl
s,ocn
gs,amzn,msft,goog,ibm
sig,tif
pfe
msft,amzn
msft
aaba,tivo,mdlz,agro,hpe,symc,cj,supv,nflx,orcl
cl,trco,aap,hpe,phg,src
adbe,intu,adsk,akam,fb,aapl,amzn,nflx,googl
db,ko,v,mrk,cvx
grub,yum
tsla
nvda,intc,amd,avgo,key,ms,aapl,de
fb,amzn,googl,msft
bac,c,gs,jpm,ms,wfc,fitb
fb
amzn,goog
ge,hon,utx
amd,intc,tsla
aapl
snap
tsla
nflx,amzn
tsla
snap,wen,via,fb,goog
qcom,avgo,aapl
gs,intc,txn,msft,goog,pg,pep,biib,aapl,blk
msft
c
t,vz,cmcsa,fb,fox,foxa,dis,cbs,viab
cost,wmt,tgt,bby
nvda
intc,aapl
aapl,amzn,googl
aapl,amzn,goog,atvi,pypl
aapl,msft,goog,intc
ge,googl
tsla,amzn
nflx
x
baba
cop,xom,cvx
twtr
dgx
pypl
googl,nflx,amzn
tsla,f
afl,hum
cs,jpm,ab
vz
meli,ts,bhp,wbk
msft,amzn,googl,crm,vmw,wday
baba,amzn
fb,googl,aapl,nflx,amzn,snap,twtr
wmt,amzn,tgt
ir,lii,utx,wso,jci
thc,jazz,gg,fmx
mu
aapl,tsla
ilmn,xpo,fb,orcl,frc,maxr,hrs,iac
nflx
celg,biib,gild
nflx,aapl,spot,googl
pfe
amzn
amzn,aapl,goog,msft
fb,aapl,amd,mu
qcom,nxpi
tlry,cgc,cron
wmt
rxn,cat,nue,mfs,cts,har,csco,intc,f,gm
nflx
msft
intc,amd
nvda,googl,tsla,tm
antm,ci
ms,c,bac,wfc
gs
nflx,chtr,t,cmcsa,fb,aapl,amzn,dis,vz,dish
bac,stt,pnc,schw,amtd,etfc,sti,db,bbt,gs,cof,bcs
googl,wday,crm,c
gcap
deo,sam
stld,x
aapl
ge
fb
amat
incy,alxn,biib,amgn,bmrn,bac
fdx,ups,unp
fb
gs,twlo,csod,jag,lite,acia,mtw
aapl,qcom,intc
tsm,aapl
aapl
fit
snap
fit
qcom,nxpi
fb,goog
nflx,amzn
avgo,crus,swks,aapl,key,ms
fb
anab,jnce,obsv
cmg
wwe,abmd,lgnd,ftnt,sivb,alrm,adbe,ma,ctrl,trex,ubnt,oec,v,pgr,isrg,intu,odfl,epam,med,gmed,iart,tsco,supn,sbra,dg,unh,sfm,eeft,amd,vici,ctre,whd,idxx,fivn,ir,aapl,alsn,vnom
jnj
intc
mrk
adbe,msft
intc,mu,qcom,cog,wfc,pypl
pzza
fb
blk
tsn,cl,pep
amzn,aapl,googl,fb
avgo,qcom
amzn,amzn
nflx,disca,amcx,viab
goog,ibm,amzn,msft
ar,shbi
nvda,intc
amzn,pg,msft,goog,fb
dks
fb,aapl,amzn,nflx,goog,tsla,snap
goog,aapl
wmt
bac
twtr,amzn,nflx,ibm,goog,fb
aapl
gs,cxo,len,celg,gt,whr,dhi,pru,ci
amzn,aapl
msft
amzn,msft,ibm,orcl,sap,crm,csco,vmw
wfc,aapl
bby,phm,schw,wrb,wso,csx
goog,tsla,f,aapl
gg,kgc
xpo,intu,ilmn,tsla,mnst,lyv,wday,ftv,bkng,ko
efx,feye,tru
dish,abbv,myl,mgm,has,cnc,abc
tsla,gm,f
ual,dal,aal,luv
aapl
amzn,rad,cvs
jpm,fb,orcl,panw,wday,twlo
pep
mu
mar,ihg
s,tmus
data,amzn,msft
amzn,plug
uaa,nke,lulu
amd,tsla
amzn,ci,jpm,cvs,wba,abc
ko,pep,mo,stz,cvs,wba,wmt
amzn
fb,googl
ge
tsla
dis,jpm,gs
aapl,sq
teva
goog,aapl,nflx,jpm,ual
nvda
amzn,msft,aapl
fb,blk,jnj,pg
aapl,googl,sq,msft,nflx,amzn
mfg,ms,f,gm,fcau
azn
v
mu,qcom,adi,stx,wdc,klac
aapl,fb,googl,msft
adp,qsr,cmg,mdlz,hhc,apd,nomd
amzn,wba,rad,cvs
acad
vips
gs,cat,schw,de,met,msft,ms,psx,sbux,var
stz,cown
paas,cde,ag
baba,mnst,sjr
mu,wdc,avgo,swks,qrvo
tsla
dri
mrk,pep,vz,t,nvs,chl,duk,eix,slg,epd,tmus
tsla
cvx,xom
azpn,gwre,veev
ohrp
gs,fb,nvda,acn,jbht,expd,ew,algn,syy,cost,rost,googl
jpm,bac,c,gs,wfc,ms,bk,stt,db,hsbc
bmrn,blue,acad,incy,cara,celg
nvda,msft,amzn
nflx
jpm
pep,ko,bud,deo,tap
amzn,goog
jpm,wfc
dis,twtr,snap,goog,fb
nxpi,bac,pg,aapl,ebay
ostk
wfc
tsla,zen,sbac,moh,fe,cybr,bhc,a
nok
mu,mksi,adi,swks,on,intc
aapl,baba,fb,goog,yy
nvo,biib
baba
aapl,crus
sbux,dnkn
qcom,nxpi,avgo
atvi,ea,nvda,amd
fl,nke
ko,stz,cgc,nbev
gs,googl,aapl,nflx,amzn,c,lly,gild,aes,vlo,gm,de
urbn,ua
jpm
tsla
atvi,aapl
msft
cmg
fb,msft,googl,twtr
cvx
blk
nflx,amzn,aapl,dis
nvs,teva,mrk,pfe,bmy,lly,gsk
spot,nflx,amzn,aapl,dis
pypl,sq
amzn,goog,aapl
aapl,lite
nvda
fb,snap
tsla,gs
cbs
bac
adbe,aapl,vmw
amzn,nflx
fb,goog
celg
biib,sgmo,sgmo
dbx
amzn,hd,sbux
swks,aapl
ms,gm,goog,f,tsla
lmt,noc
m,jwn,tgt,rost,amzn
spwr,csiq,jks
aapl
baba,amzn,nflx
f,kmx,bbt,hban,wfc
schw,etfc
gs
gs,agco,nem,bkng,wbc
aapl,lite
cbs,via
wtw,ntri
wmt,bby,amzn
amzn
amzn,v
aapl,fit
htz,hri,car,ehic
ard,hpe,fwonk,tif,amzn,ctsh,zayo,bmy,cag,lw,pbyi,nbix,incy
jnj,mrk,pfe
gm,tm,tsla
ge
sqm,tsla
tsla
tlry
aapl,mdt
jnj,pfe
x
bidu,baba
ko,pep
ma
mmp,epd
syf,c,pbf,fox
nflx,amzn,aapl,dis
gild
amzn,msft,nflx,nvda,xom,cvx,pg,jnj,ge,fb,aapl,googl
aapl
avgo,aapl,qrvo
cmcsa,s,tmus,t
amd
fl,nke
tsla
bac,cbs,mu,luv,agn
gm
cbs
tif
csco,anet,t,fb
ge
baba,bidu
aapl
axp,jpm,gs,dfs,bcs
msft,pg,hd
fdx,nsc
snap,fb
v,ma
car,goog,htz,aapl
jpm,googl,schw
ostk
tsla
fb,msft,aapl,amzn,baba
xom
aapl,csco,trv
amd,nvda
msft
csco,amzn
eog
wmt,amzn
sne,fb,goog,nvda
m,jcp,tgt,kss,amzn,wmt
foxa,vod,lbtya
aapl
snap
gm,f
ge
fb,dis,googl,nflx,csco,nvda,gpn,avgo,mu,lrcx
celg,biib,amgn,gild,regn
ba,cat,f,gm
gis,tsco,ups
invh,bx
cat
c
sage,rare
aapl,nflx,dis
ge,wba
amzn,tsla
deo,stz
gpro
csco,anet
v
ebay
goog
lmt
gpro,aapl,sne
googl
bx,invh
f,tsla,wkhs,duk,por
amd
nok
hd,low
xom,apc
gs
snap,khc,abbv,fb
hcp
goog
dal
tsla
teva
vz
amzn,googl,aapl,plug,crm,msft
twtr,lmt,ba
aapl,goog
cmg,uaa,trip
lyv
twtr,abmd,ttwo,hlt,amd,cdns
ubs,bmo,ibm
amzn,chs,wmt
dal
syf,bk,ge,ibm
low
tsla
siri
lrcx,amat,lrcx,swks,txn
tsla
googl,fb
mmm
tm
v,ma
ms
len,nvr,mth,low,hd
mcd
arry
vz,goog,baba,fb
amzn,orcl
fb,msft,atvi,fb,amzn,ea,ttwo
vz,tgt,antm,efx
nke
orcl
nvs,celg,gild,blcm
tsla
jcp,amzn
amzn,aapl,fb,msft,goog,intc
alks,bgne,nktr
f
snap
aapl,qcom,intc
gs
amat,lrcx,klac,mksi,ter,entg
tsla,fslr,csiq
tsla
cat
aapl
m
csco
hp,oxy,apc,cvx,amd,twtr,intc,msft,fmc,nue,dwdp,cpb,khc,ko
nflx
roku
team,ibm,infy
tsla,gm
gme
aapl,googl
twtr,fb
panw
fb,goog
wmt,ibm,jpm
amzn,msft,fb
trip,uaa,expe,nke,met,amgn,iqv,unp,aapl,csco
jpm,wfc,c,bac
nflx,aapl
chk,xom,bp,hes
amzn,kr,wmt,cost,tgt,fb
intc
wins
tsla,gm
intc,mu,nvda,csco
aapl,msft
kr,amzn,amzn
jpm,c,wfc,bac,jpm,c,wfc
tsla,aapl,amzn,nvda
gs,mro,cop,gt,arnc,fb,peg,cvs,cnc,cboe
wfc,jpm,bac,usb,bk,axp
snap
aapl,swks,oled
byd,penn,atvi
msft,googl
gs,ms
tsla
blk,wetf
amzn,ebay,nflx
fb,amzn,nflx,goog,aapl,msft,bidu,baba,mgi
v,ma,pypl,wp,gsky,flt,ondk,lc
jd
ge,wba
gwph
blph,jnj,uthr
jpm,bac,c
pfe,gsk
nvda
aapl
amzn
dis,foxa,nflx
gs,ms,jpm
mu
jpm,amzn
fb,aapl,tsla
cost
aapl
googl
aapl
cgc
tsla,f,gm
amzn,msft,aapl,baba
amzn,aapl,msft
fb,aapl,msft,dis,goog,ctsh,fb,amzn,intc,infy,wit
sq,pypl
aapl,cmcsa,dis,nflx
mtw,hlf
googl,aapl
mo,fl,mu,eqm,ben,regn,urbn,bbby
tsla
f
amzn,tgt,cost,m
blue
bmy,mrk,nvcr,ziop,gwph
ba,lmt
fb,amzn,aapl,nflx,googl
jpm
tsla
nvs
seas,jwn,pag,pzza,dpz,nke,tgt,ostk
aapl
mu
cme
dis,cmcsa
amzn,fb,aapl,nflx,googl,orly,cprt,v,ma
schw
siri
twtr,crm
googl
cmcsa,t,dish,chtr
tsla
salt,dsx,drys
t,vz,celg,abbv,ip,lyb,dal,cmi,amat,ibm
mu,amat,lrcx,nvda,klac
msft
nvda,tsmc
baba
aapl,tsm,intc
fb
aapl,goog,fb
avgo,idti,bwxt,rdfn,azo,bud,psx,nbl,arw
aapl,wba,pfe,mrk,msft
aapl,pjc
nvda
goog,amzn
rjf,abt,bdx,cvs,unh,vrtx,myl,sage,tlgt,once,osur,prah,incy,amzn,rad,jpm
nflx,amzn
baba,nflx
bac,gs,jpm,ms
nxpi,qcom
aapl,baba
clf
yelp
pep
hpe,hpq,amzn,googl
sbux,wmt,ko
nflx,amzn,dis
amcx,c,cvs,frac,nbr,ual,googl
nvda
tsla
fb,aapl,twtr,amzn,googl,spot,coup,lbrda,vici,kw,lrcx
msft,csco,intc,orcl,ibm,aapl,fb,v,gs,amzn,nvda,amd,mco
ba
amzn
vrtx,bmrn,biib,sage,wve
nflx,spot
cat,adi,algn,etfc,rht,bmo,aapl,schw,amtd,db
txn,xlnx,mchp,amzn,msft,baba,goog,de,ba,lmt,avav
gild
alks,nktr,bmy,biib
tap,brew,stz,bud
abbv,jnj,pfe
ba,cat,met,mgm,bmy
aapl,ms,googl,fb,snap
snap
ms,gs,c,jpm,bac
fb,aapl,jcp,jwn,aaba,baba,urbn,ostk,gps,nke
lb,unm,bhf,incy,dish,symc,ivz,gt,alb,amzn,nflx
cpb
aapl,googl
fb
nem
blk
tmus,vz,t,cmcsa
nvda
mrk,gsk
nflx,dis,fb,amzn,googl
wynn,has,tpr,expe,dlph
msft,jpm,intc,bk
bac,c,gs,jpm,ms,wfc
hpe
uaa
amzn,amzn,m,kss,jcp,tgt,jwn,tif,urbn,dg,dltr
amzn,baba
intc,mu
nke
bac,ms,gs,db
mnst,cot,ko,pep
jpm,jpm,wfc
cib,ec,vale,itub,bbd
aapl,msft,googl,sne,hp
fb,googl
aapl
cien,feye,amba,lscc,ceva,fnsr,lite,viav,csco,ms,aapl,intc
goog,msft,aapl
intc,mu,nvda,avgo,mrvl,klac,txn,amat,lrcx,amd,qcom,swks
plug,wmt,hd,nke
amzn,cvs,pypl,wmt
aapl
c
fb,googl,msft,nvda
t,vz,s,tmus
fb,msft
aapl,amzn,googl,wdc,mu
ba
nflx
tri
googl,amzn,ibm,csco
aapl
riot
gevo
taro
aal,dal,ual
twtr
aapl,fit
gs,jpm,bac
dis
c
roku
rig,sdrl,do,slb,hal
gs,aapl,jpm,msft,cat,vz,ko,mrk,pfe,pg
aapl,cbs,nflx
tsla
cmg,sbux,dnkn
f
amzn,fb,twtr,googl
luv,ha,ual,aal,ual
fb
bby
ge
tm
aapl
orcl,amzn,msft
swks,qcom,qrvo,intc,avy,ba
acn
jpm,gs,bac,wfc,c,ms
nflx,cmcsa
mu
orcl,msft,amzn,crm,bidu,ibm
ba,lmt
nke
nflx
axp
blue,nvs,gild,celg
cof
nvs,agn
aig
aapl
fb,goog
lulu
amgn,biib,celg,gild,regn,ions,alxn
amzn,jbgs
panw
nflx,dis,amzn,googl
amzn,goog,biib,v,ma,unh,cmcsa,lnt,amd,idxx,nws
axp
fb,amzn,clf,rl,teva,bgs,fslr,mos,panw,qts
bby
sedg
mcd
gsk,azn,nvs,inva
xom,cvx,cog,apa,slca,nsc
ibm,amzn
amzn
ibm,crm
nvda,amd,intc,qcom
amd,nvda
mlhr
baba,bidu
twtr,twtr,cmg,uaa,trip,nke,fb,snap
fslr,spwr,plug,amzn
aapl,fb,goog,msft,blk
tsla,f
anet,csco,msft,fb,nflx,aapl,goog,ebay,aaba
googl,fb,amzn,bac,chtr
baba
msft
bhp
cvs,amzn
fb,nke,ups,aapl,amzn,bb,msft
ba
snap,fb
goog,aapl,amzn,vz
tsla,t,googl,aapl,amzn,nflx,fb,v,bkng,wmt
shop
baba
bac,c,bhp
fb,googl
tsla,gm,f
wmt,amzn
fb,twtr
t,intc,wmt,nvda
aem
bcli
expr
hlf
supn,lly
intc,tsm,nvda,txn,avgo,qcom,mu,amd
amzn
bmo,jnj,ms,msft,intc,mdt,mrk,noc,pfe,pnc,spg,txn,unh,amzn
ge,nvda
aapl,baba,tsla
gis
jpm,mon,bayry,tri,gs,ms,c,bac
nvda,adi,mxim
nvda,amd,twtr,googl,fb
nke
sq
aapl
lvs,wynn,mgm,czr
ba
dis,cmcsa,foxa,nflx
wh,armk,lvs,mdlz,pfgc,tpr,mcd,nvda
msft
amzn,amzn,jd,wmt
qsr
amzn,jcp
cron,cgc,tlry,smg,stz
mu
sbux,msft,gs
mu
sq
fb,jpm,bac
gsk,azn,sny
amzn,fb,goog
fb,snap,goog
nflx,cmcsa,fox,cbs
ko,pep
amzn,wmt
wday,jpm
aapl
jpm,c,bac
sgg
pep,ko
gs,ms,bac,c,jpm,wfc
gme,amzn
aapl
aapl,nflx,amzn
fb,aapl,aapl,nflx,goog
nvda
amzn
jnj,pfe,bmy
rost
cvi
sbux
cs
fit,aapl
sq
msft,amzn
tsla
ul,avp,pg
wtw
aapl
amzn,cvs,antm
regn,sgen,icpt
snap
zuo
wmt,amzn
coty,avp,nus,el
de,ntr,adm,dwdp
crm
len,phm,tol,dhi
nflx
fb
nvda
bcs
dwdp
aapl,amzn,googl,msft,fb
ugaz
fb
fb,aapl,amzn,nflx,googl
bac
ge
ebay,meli,pypl
bac
ma
ttwo
tsla,wmt,bud,syy,jbht
fl,m,kss,tjx,rost,amzn,wmt
ibm
gs,aapl,ge,amgn,mrk,rl,csco,orcl,msft,ntap,qcom,wat,wdc,ctxs,fl,abt,jnpr,bkng,vrsn,jnj
gild
amat,tsm,intc,nvda
msft,googl
tsla
tsla
wmt,goog,amzn,aapl
uaa,fl
amzn,nflx
amgn,abbv,nvs,pfe,jnj
googl,amzn,msft
ge,mcd,mrk,xom
avgo,swks,qrvo,aapl
fb,twtr
pypl
jpm
teva,ibm,aapl
tsla,gm
avgo
tsla,gm
uaa,ua
hlf
pypl,ebay,axp,ms,gs,ma,v,aapl,amzn
ice
nxpi,qcom,avgo
sny,pfe,jnj,regn,abbv
orcl
epay,coup,flt,intu,sap,sq,wex,wp
nvda
twtr,fb
baba
gs,tsla
aapl
aapl,c,dal,amgn,mpc,kr,dfs,ual,met,len
gme
avgo
trip,jblu,alk,dal,luv
mik,wmt,amzn
nke
myl,teva
intc,aapl,fit
nvda,nflx,avgo,fb,sne,amzn,adbe
stmp,hqy,neog,gddy,grub,nktr,srpt,w
intc
nati,orly,vmw,siri,zts,qgen,vfc,coo,pfe,wmt
symc
ubs
baba,amzn
aapl
dal,aal,alk,luv
tsla
aapl
csco
sbux
amzn,aapl,googl,msft
vstm
aapl
stz,cgc,tap
tsla,gm
nvda
mmm
aapl,goog,msft,ibm,fb,amzn,baba
nflx
cgc,tlry
aal,dal,luv,ual,alk
nvda,amd,intc,tsla
aapl
whr
lpla
amzn,goog
ms,gs,pfe,amgn,abbv,lly,bmy,jnj
kmph
v,ma,pypl,amzn,cost,cxo,nvda,algn,vrtx,schw,crm,mnst
fb
t,cmcsa,foxa,dis,nflx,amzn
amzn,googl,crto,fb
cara
aapl,amzn,goog,baba
amzn,amzn,aprn
cop,cve
xom,wmt,msft,pg,t,amzn,aapl,goog,msft
f,gm,tsla
fslr,plug
efx,mtn,msg,mgm,abbv,oxy,lrcx,hclp,kmx,oec,trow,gs,amzn,jpm
aapl,msft
nvda
avgo,txn,swks,aapl
vmw,amzn,csco
fb
twtr,fb
hcp
gild,gild
riot,kodk
fb,googl,nflx,amzn
baba
snap,amzn,aapl,fb,nflx
baba
amzn,nke,el,stz
aapl,fb,nflx,amzn,googl,tsm
crm
amgn,gild,celg
nee,exc,d,vz,chtr,pg,bud,kmb
wmt,amzn
amzn,cslt
amd
aapl
fb
nflx,amzn
khc,ul,k,cpb,cl,kmb,gis,mdlz,pep,bud
jnj,pfe,blk,mrk,jnj,pfe
googl,bby,aapl,amzn,msft
goog,amzn,tsla,intc,qcom
fb
fb,goog,twtr,snap,amzn
bio
agio
aapl,tsla,f
alxn
amzn,aapl,msft,fb,nflx
aapl
symc,panw,symc,amzn
dis,t,foxa,cmcsa
amba
googl
googl,aapl,fb,baba
tsla
fox,t,dis,cmcsa,nflx,goog,amzn
on,nvda,qrvo,swks,adi,xlnx
snap,fb
goog,googl
opy,wmt
nvda,amd
aaoi,shop
race
qcom,nxpi,aapl
bac,c,jpm
ostk,ms
c
gs,fdx,whr,mos,nktr,kss,aal,intc
tsla
cmg,mcd
fb,snap
intc
mdt,abt
snap,fb
dks
kmx
celg
nktr,exas,amat,fslr,amd,lly,bmy
googl
k,gis,post
tlry,cgc,gwph
tsm,aapl
bb
aapl,nke,sbux,k,jpm,ms
nktr
aapl,goog,fb,amzn
aapl,adi,crus,swks
tsla,intc,amd,aapl
amzn,googl,goog,mkl,nvr,bkng
msft,jmp
odp
tmus,s,vz,t
tsla
amzn,amc,cnk,nflx
ge
aapl,jd,baba
cstm,vc,tsla,gm,f
aapl,fb,googl,amzn
ddd,hpq,ssys,ge
jnj
on,jbl
wfc
amzn
m,tgt,nke,amzn
aapl,adi,crus,swks
bac
bbt,mtb,pnc,sti,usb
nke,amzn,uaa
tsla,gm
mov,dsw,dltr
aapl
nvda
mcd,fb
avgo,qcom
sq
cmi
mrk,bmy
m,amzn
omer,alxn
jwn,m,amzn
mrk,pfe,jnj,bmy,lly
shop
luv,ual,dal,dal
amzn,msft,ci,aapl,googl,jpm
bby,amzn
panw
sjm,cpb,gis,k,tsn
wmt
sq,jpm
ual,jblu,aal,dal,luv,ha,save
aaxn,tdg,avav,txt,hei,ba,utx,lmt,hon
kss
cat,ba,dwdp,ge
msft
nvda
baba,bidu,fii,aapl,amzn,csco
ulti,lgih,ibp,sgc
aapl,snap,msft
gs,jpm,amzn,ubs,ry,ms,amtd
gs,nflx,amzn,cost,bmy,lly,nvda,qcom,mu,aal
xom
aapl,fb,googl
aapl,ual,ko
vz,t,tmus,s
t,ibm,nok,panw,symc
ibm,aapl,msft,goog,amzn,fb
twtr
amzn
fb,aapl,amzn,msft,goog
amzn
ba,amzn,ups
ge
tsla
aapl
aapl
tsla,avgo,nvda
ego,auy
c,jpm,wfc,usb,pm,pfe,jnj,mdt
fb
pfe,unh,mrk
goog,googl,amzn
gs
gm,f
fdx,amzn,ups
jpm,ms,wfc,c,gs,bac,usb,pnc,bk,cof,td,stt,mtb
ul
fb,aapl,ibm,baba
fl,nke
m
t
cmg,mcd
roku,goog,amzn,nflx,foxa,dis
gm,mu,hpe,aaba,vz,aapl,fb
jbl,cme
plug,fcel
fb,amzn,aapl,nflx,googl,crm,tsla,jd,atvi,lrcx,mu,nvda
nomd,adp
googl,aapl,amzn,nflx,ms,msft,csco,ea,adbe
low
disca,viab,amcx,dis
sgyp,lxrx,nbix,ocul
amzn,goog,msft,csco,hpe,wdc
ba
aapl,teva,ibm,wfc,bk,usb,aal,gm,sny
nvda,intc
aapl,fit,msft,ssnlf,ssnlf
psx
mu
amzn,amzn
vz,t
csiq
apc,dvn,eog,hes,mpc,nbl,pxd,aapl
nvda
aapl
amtd
agnc,udr,two
baba,bidu
baba
oled,aapl
amzn,unfi,core,kr
bac,c,gs,ms,wfc,jpm,cit
teva,pm
nvs,amgn
fb,amzn,msft
qcom,aapl,intc
tsla
it,intc,gpro
tsla,hd,run
wmt
msft
twtr,fb
amzn
tsla
aapl
car,htz
arry,nvs
ms
stld,nue,aks
etfc,cma,lll,tdg,de,amzn,kmb
fb,snap
cost,dg,dltr,sfm,amzn
amat,alxn,fdc,stz,oc
aapl
amzn,it,fb,msft,goog
mcd
goos,burl,nke
qcom,nxpi
chk
lvs,mgm,wynn,czr
hpe,hpq
baba,yumc,ctrp,usa,bac
nvda
nflx,fb,amzn,goog
tsla,gm,f,aapl
crm
hpe
wfc
nvda
flex,nke
tsla,tm,gm
jpm,fhb
amd
sbux
aapl
mck,cah,cvs,rad
fdx,nsc
celg
qcom,aapl,intc
nke
v,ma,pypl,sq
msft,amzn,goog
baba,mar
ibm,msft,wmt
csco,anet
hpe,ntnx,csco
mu
tsla
hsbc,ing
qcom,avgo
ba
bidu,baba
blk,gs
mu,tsla
gwph
mu,wdc,intc,mrvl,orcl,googl,fb,stx
hpe,csco
aal,mar,ccl
tsla
aapl,ssnlf
gpro
csco
baba,amzn
fb,amzn,aapl,nflx,googl
gs
mpc,apa,hal
sdrl
gm
pg
amzn,plug,wmt,tgt
amzn,nflx,fb,googl,aapl,msft
snap,fb,twtr
tsm,nvda,aapl
aks
amzn
wmt,cost,amzn
biib,gild,alxn,alny
icon
amzn,aapl,msft,googl,wmt,jpm
xon
aapl
aapl
aapl
msft,amzn
cala,ljpc,crbp
csco,amzn,anet,jnpr
ddd
db,ry
lc,ondk
ms,aapl,nflx,amzn
nflx
intc,erj,txt
apop
foxa,dis,nflx,amzn,aapl
goog,amzn
jpm
de
symc,panw,feye,rtn,lmt
fb
tsla
jcp,amzn
tsla,tm,gm,f,ms,googl,bcs
amzn,nke,pvh,kss
baba,bidu
amzn,grub
pm,mo,rai,bti,imbby
grpn,grub,amzn,amzn
dri,dri
vz,t
snap
nflx,fb
f,gm
bcs,db,cs,jpm
ge
amd
shlo,tgh,carb
ntdoy
uaa,ua,nke
googl,cmg,ulta,vlo,isrg,algn,vrtx,rhi,nvda,intu,ma,xlnx,v
fb,aapl,amzn,nflx,googl
fitb,mbfi,mbfi,jpm,wtfc,tcf
aapl
symc
avgo,aapl
baba,amzn,ibm,msft
tsla,tm,gm,f
x
pg,mkc,clx
avgo,qcom,intc,nvda
schw,pfg,pru
goog
nflx,t,amzn,ccz,fox,dis
ge,syf,stor,bk
ge,hon,utx,ba,mmm
c
agn,adnt,ath,mpc,crm,dxc,jd
plug,amzn,kr,wmt,low
goog,ulta,tgt,wmt,hd,cost,amzn
intc,mu,tsm
nvda
nke,mcd,ko,pep
ab,ko,cnp,sre,ed,agr,aee,googl,fb
bhp,ar
ge,hon,utx,ba,mmm
adbe,wmt
ab,blk,ben,ivz,lm,trow,amzn
amzn,amzn,kr,sfm
googl,aapl,tmus,aig
bidu,baba
glpg,gild
amzn
veev,cgnx
blk
aapl,amzn
amzn,rh,fl,gps,kss
intc,amd,tsm,adi,mchp,on
googl,aapl,fb,intc,isrg,nvda
ibm
amd
x,cxw,schw,gs,gps,cop
jpm,ms,c,bac,wfc,gs,cma,sivb,pacw
wfc
tsla
msft,ibm,fb
amtd,schw,etfc
intc,aapl
immu,sgen
dish,amzn
atvi,googl,stz,blk,bk,schw,jpm,noc
akam,bmrn
fb
amzn,aapl,msft,ssnlf
bam,lbtyk,chtr,lbrdk,sbac
c,nflx,goog,de,tap,pru
amzn,goog,pcln,aapl,msft
nvs,gsk
twtr
zuo,crm,orcl,sap,dox,nflx,spot,dbx
aapl,amzn,msft,fb
acn,intc
dis,nflx
nflx,foxa
oii,isrg
bac,jpm,wfc
fslr
aapl
gold
vz
uaa,nke,lulu
googl
tsla,gm
baba,mar
blk
mmm,ibm,cat
mcd
hd,low
cmcsa,vz
cit
twtr,fb,bhf
baba,vips
ziop,gwph,agen,mrk
c
fb,snap,twtr,tsla
intc,nvda,ti,tsla
mnst,ko,pep,tap
googl,fb,twtr
cg
fdx
blk,aapl
wmt,amzn
amzn,ko,gps,aapl,pep,fb,intc,ups,dal,dhi
aa,cenx,arnc
schw
aapl
ewbc,bbt,usb,jpm,bac,wfc
bb,nok,qcom,aapl,fb
wmt,amzn,cost
tsla,aapl,goog,wday
snap
pg,fb,goog,aaba
aapl,nflx
twtr,fb
jpm,bac,wfc,c,gs,ms
jd
tsla,gm
c
googl
goog,aapl
aapl,bby,t
tmus,s,vz,t
gs,aapl,ba,ge,t,pg,mcd
roku,spot
hlf,iep,ci
kodk
tsla,etn,ssys,bidu,alb,on,hxl
aapl
atvi
gs
mu,nke,uaa,tjx
ftr
intc,aapl
nflx,t,foxa,dis,cbs,via
fb,goog
amzn,wmt
acad
avgo,aapl,qcom
nflx
tsla,bud,pep,nvda
dish,snap,sne,siri,lsxmb,aapl
hpe,hpq,ntnx,amzn,msft,csco
biib
tsla
vz,aaba
ge,nflx
tsla
msft
catb,srpt
intc,tsla,amd
nke,amzn
goog,t,jnj,vz
pzza
amzn,jpm,cof
jnj
msft,msft,bud,jnj,xom
tsla,aapl
tsla,hog
mrk,bmy,jnj,lly
mov,rl,tif
gis
amzn,bac,sq,pypl
aapl,amzn,csco,nvda,msft
ko,pep,fb,ua
nvda,tsla,intc
bmy,acad,bmrn
fit,goog,fosl
bb
qcom,aapl
amd,intc,nvda
axp
nflx
spg,amt,amt,cci,pld
nflx,dis,amzn,msft
tsla,wmt,jbht
symc,csco,ibm,symc,panw
nke,uaa,lulu
roku
amzn
dwdp
biib,lly,pfe,wcg,moh,cnc,ehc,tdoc,hca,thc,cern,xray,bdx
amzn,bby,wmt,tgt
amzn,amzn,kr,cvs,wba,rad,o
ba
gs,pep,ups,utx,bbt,axp,t,cb
bby
wfc
fb
dis
baba
tsla
amzn,t,gm,wmt,xom,unh,goog,msft
tsla,gm,f,jci,fcx
ibm,wmt
aapl,googl,nflx
qcom,qcom
sbux
holx,azn
aapl,goog,amzn,msft,kr,pypl,snap
amzn,wmt
aapl,intc,amd
twtr,sq
hog
swks,qcom,qrvo,ksu,gm,tsla
uaa,nke,kss,kss
m
nvs,pfe
gs,v,aapl,jpm,ge,ko,wmt
tsla,intc
tsla
fdx,ups
cat
celg
schw,etfc
wynn
crm
sq,twtr
jnj,zts
snap
dis
tif,uaa,fosl
ko,pep,khc,mdlz,cot
acad
fl
uwt,dwt
csco
gild,gild,incy,vrtx
biib,antm,hum,unh
amzn,wmt,pg,ko,pep
tsla
azn
tsla,aapl,googl,amzn
tsla,gm
msft
tlry,cgc
jd
avgo,qcom,aapl
gnc
abbv,celg,fb,ntes,nke
blk
wmt,amzn,nvda,tgt
fb
pep
orcl
nvda
azn,teva,pfe
amzn,msft,googl,wmt,intu,crm
schw,amtd
hog
dis,foxa,bac
wmt,amzn,tgt
msft,fb
fb,aig,teva,agn,dish,eqt,s
gm,pep,mdlz,kmb,gis
aapl,qcom,msft
virt
msft,googl,amzn,msft,wmt,amzn
dis,fox,cmcsa,nflx,aapl,amzn,goog
ge,wba,bhge
lulu,rl,fosl,pvh
nke
rht,msft
sbux
fb,snap
tsla,wmt,bby,aapl,amzn
aprn,amzn,snap,fb
nflx
amzn,googl,msft,aapl,fb
gild,incy,blue,celg
vz,dis,cmcsa,cbs,t
aaba,googl
amat,lrcx
kr
amzn,nflx,nvda,grub
ms,bac
intc,amd,nvda
tsla
syy,usfd,amzn
tsla
ilmn,pacb
mu,pstg,wdc,intc
tsla
gm,tsla,fcau,f
fb
tsla
googl,amzn,bby,fb
unh
sbux
csx,nsc,unp,csx,nsc,unp
aapl
snap,fb,twtr
sq
nvda,txn,intc,avgo
nvda,alv,tm,pcar,intc
aapl,msft
sbux
fb
nflx,amzn,cmg
t,bac,wfc,jpm,pfe,cvx
aapl,swks,avgo
crsp,edit,ntla
twtr,fb
tsla,tsla
bb,ttm,tsla
intu
cat
tsla
amzn,nflx,aapl,fb
rh,hd,low
wfc,jpm,c,c
aapl
etfc,aapl,ally
tsla,gm
pypl
fb
gme
tsla
baba
amzn,jpm
amzn,msft,goog
googl,goog
tsla,tsla
bsx,docu,crm,fb,msft,goog,tsla,aapl
amd,intc,nvda
aapl,bby
bac,ms,jpm,ubs
twtr,fb,snap,amzn
amtd,schw,gcap
crm
cvx,nem,paas,vz,nvda,goog,schw
hal
fb,amzn,nflx,googl
aptv,dlph,bwa,mga,tel,aph
syk
cmg,taco
gs
etfc
fdx,nsc
ge,wab,cmcsa,bhge
baba
mgm,bby,ko,bac,vrtx,orcl,crm,ba
bkng,expe
amzn,amzn,wmt,msft,orcl
ge
wmt,amzn,tgt
fb
fslr
baba
aapl,googl,msft
bud
fb,googl,aapl,msft,ko,clx,pg
aapl,amzn
tsla
fb,twtr
sgen
m
nflx
bb,nok,tmus,t
amzn,wmt,orly,aap,azo
wmt,mcd,pfe,pg,amgn,blk,pnc,afl,orcl,aapl,cvs,idxx,chd
twtr
tsla
iots,cdxs,camt
tsla
vale,nem,bvn
baba
msft,nflx,dis,amzn,googl,cmcsa,foxa,t
snap
t
utx,low,mdlz,qsr,adp
jwn,pep,mcd,dnkn,amzn
bb
msft,nvda,intc
cnx,aee,fcx
fb,aapl,amzn,nflx,googl,msft
orcl,amzn,msft,googl
fb
hd,low,bby,amzn,dks,pir,wsm
twtr
intc,amd,avgo
tri
msft,ibm,wmt
fb,googl
baba
ibm
amzn,wmt,kr
tsla
acc
db,blk
tsla
amd,intc,nvda
amzn,goog,msft
pg
baba
amzn,aapl,goog,msft,fb
tsla,amzn,nflx
twtr
mu
aapl
aapl
wmt,amzn,bks,ebay
baba
tsla
aapl,mu,twtr,tsla,gm
msft,aapl,amzn,googl
tsla
vrtx,ntes,crm,wb,amzn,mchp,nvda,jd
ba
celg,biib
t
tsla
hpq,ge,ddd,ssys,ba,f
fb,amzn,aapl,nflx,goog,baba,tsm,amzn,ubs
tsla
aapl,googl,msft
cvs,wba,rad,amzn,jpm
gs,cit
goog,amzn,msft,fb,aapl
twtr,snap
wfc
nflx
nflx,aapl,dis,fb
aapl
jpm
ostk
fb
cvx
bac
sq,twtr
shop,crm,twlo,wix,zen,bl,avlr
sbux,mcd
amzn
nee,duk
snap,fb
aapl,msft,fb,googl,nflx,amzn,csco,mmm
nvda,isrg
sage
wtw
sq,pypl,sbux
gs,fb,aapl,msft,googl,amzn
jpm,c,mrk,dish,hal,hon
bac,wfc
ttd,goog,bidu
intc,adi,mchp,on,mpwr,mxim,txn,amd
tsla
googl
cmcsa,msft,aapl
htht,ctrp,ghg
cost,gm,amzn
orcl,amzn
atvi,ttwo,ea
sivb,zion,bbt,usb,pnc,ewbc,cfr,sbny,pacw
amgn,regn,sny
amzn,orly,azo
googl,fb
ally,amzn
atvi,ea
bac,brk-a,wfc
lxrx,sny
wfc,bac,usb,cof,pnc,wmt,amzn,cvs
wfc
arch,btu
fslr
dal,aal,ual,luv
ardx
fb,gm,f
tsla
spot,amzn,nflx,aapl,amzn
googl,spot,nflx
anet,csco,fb,msft,amzn,googl
msft,amzn
baba,jd,momo,jd,fb,amzn,nflx,googl,etfc,wb
kbh,len,tol,dhi,hd,low
googl,t,bby
tsla,amzn,nflx,googl,fb,twtr,snap
msft,amzn
m,amzn
aapl
twtr,fb,amzn,aapl,nflx,googl
goog
cbs,viab,nflx
low
mu,intc
fb,msft
ally,c,dfs,fitb,jpm,rf
msft
antm,t,fang,dxc,etn,grmn,fwonk,oxy,pcg,sivb
tsla
dis,cmcsa,fox,nflx
celg,gild,gild
gs,cme,cboe,nvda,amd,ostk,sq,ms
celg
schw
fb,amzn,nflx,goog,aapl,msft,nvda,baba
tsla
cmg,mcd,lbtya
axp,cme,sti,ntrs,ice
mu
mnst,ko
fb
ptc,keys,gddy,grub,zbra,ayi,artw,hele,mlhr,msm,wgo
gs,jpm,sti,hban
cost
ge
jnj
snap
ma,v
snap
aapl,amzn,googl
nflx,baba
bac
aapl,nflx,bac,csco,mnk
amd
aapl,fb
jbht,chrw
jpm,cboe,csx,intu,hlt,luv,mtb,key,lb,mro,dvn
uaa,nke,dks,hibb,dsw,kss
tsla
xpo
aapl
aapl
vz,t,fb,nflx,googl,dis
tsla,aapl
riot,jpm,gs
wy,ryn,pkg
tsla
aaba,vz
ko,pep,pg
t,twx,vz,dis,goog,fb
t
amzn,cown,tjx,rost,cost,tif,jwn,m,kss,tri
hd
morn,gs
bby,amzn
goog,aapl,amzn
biib,ions
blk,aobc,vsto,rgr
c
tsla
aapl
cmg,yum
aapl
fb,msft
hal,slb
aapl,goog,msft
mu
aapl,googl
msft
fdx,ups
amzn,fb,baba,ctrp,regn,ilmn,tsla,bkng
nvda
fslr
snap,fb
syf,qrvo,ar,car,src,inva,mck
dis,aapl
ba,ual,dal,ge
tsla
fb,aapl,amzn,goog,msft,nflx
qcom,aapl,intc
qcom,aapl
lgnd,cdxs,vrns,boot
tsla
ibm
aapl,crus,swks,adi
cxw,geo,cxw,geo
intc,qcom,txn,amat,lrcx,avgo,nxpi
googl,amzn,dis,fb
nue,x,cenx,gm,f,fcau,cat,ba,bud
aapl,goog,fb,amzn,jpm
luv,ha
intc,jpm,mrk,exc,ko,jnj,pg,hd,mcd,aapl
teva,sny,ibm,pg,dva,vz,ko,mdlz,gm,ups
c,gs,jpm,db,bcs
hog
nke
grub,nflx,shw,hd
tsla,nxp,cy
googl,amzn
baba
amzn,nflx,msft,aapl,googl,fb
biib
antm,sgms,vsm
aapl,amzn,tsla,googl,nflx,msft,fb
aapl,goog,amzn,fb,msft,orcl,csco
wdc,tsm,mu,adi,txn,mchp
f,fcau,gm,s,lmt,intc,wmt,hog
twlo,ttwo,pi,amzn,avgo,crm,mlnx,now,ntnx,mchp
fb
msft
tsla,ceo
aapl
nvda,tsla,aapl
cost,amzn
amzn,googl,msft
googl,aapl
msft,goog
tsla
mu
nvda,tsla
v,ma,baba,pypl,axp
bbby,amzn
bac
snap,fb,twtr
mik,tlrd
bac
celg,biib,amgn,once,agio,srpt
amzn,ebay
wfc,bac
grpn,amzn,baba,iac
rjf,bac,jpm
nktr
gild
nke
low,hd
halo,abbv,bax,lly,pfe
fdx
swn,chk,gpor
tsm
cat,bidu,baba
amd,nvda
fb
has,mat
gs,c
dis
ntnx,ibm,intc,hpe,csco
mos
mcd,jack,yum,yumc,eat
snap,fb
amzn,aapl,fb,goog,baba,tsla
googl,fb,amzn,incy,vrtx
vz,aaba
mcd,fb
qcom,avgo,nxpi,nxpi
twtr,tgt,amzn
ms,bac
mu
jpm
intc,msft,qcom
amzn,aapl
ally,ms,gs
cvx
aapl,goog,fb,amzn,nflx
ttwo
ba
cvx,xom,jnj,intc,mmm
jnj
mu,rhi,schw,ice,zion,hban,jpm,bbt,rf,cof,nem,wdc,cxo,coo,hig,nov,peg,pld,vtr
baba,amzn
c,jpm,bac
dhi
fb,aapl,amzn,nflx,googl
blk,amzn,aapl
wynn,lvs
fslr,sedg
amzn
avgo,qcom,rjf
k,gis,de
vz
bk,jpm
dis,fox
qcom,nxpi,avgo
baba,jd,mar
adp
gs
gs,googl,mgm,ulta,mu,eog,cma,blk,cboe,vz
aapl,amzn,goog
amzn,t
skx,twou,nbix,abmd
aapl
amzn
cost,tgt,wmt,amzn
tsla
nke,uaa,amzn,fit,aapl
pypl,jpm
cvs,esrx,unh,lly,nvo,sny
ba
pfe,lly,mrk,jnj
m,amzn,wmt,rl
cost,amzn,wmt,kr
csco
avgo,qcom,intc
schw
msft
intu,atvi,all,rost,tsn,msci
aapl,fit,grmn
ups,fdx,expd
fb,nflx,googl,aapl,msft,amzn
twtr,fb,googl,yelp
mu
schw
nflx
cgc,stz,tlry
ino
amzn
mu
celg,celg,sny,arry,blue
amzn,jpm,unh,antm,cnc
amzn
sbux
ibm
tgt
aapl,aapl,msft
wfc,pnc
sbux,amat,met,mlm
dis,nflx,sne
jpm,v,gs,mco,dfs,ms,pld
jpm
ibm
twtr
plug,fdx
pypl,sq,axp,wmt,ebay
amzn
avgo,aapl,swks,nvda,mchp,on
fb,googl,aapl,amzn,nflx
exel,incy,regn,amgn,celg,gild,biib
baba,pypl,amzn
aapl,amzn,goog,bby,bac,ms,tif
fcx,clf
spgi,bx,kkr
gme,msft
gild,celg,biib
ko
intc,amd,nvda
dpz,amzn,goog,aapl
aapl,khc,wfc
amd,intc
fb
dnkn
jcp,jcp,m,ccr,twtr,esv
fb
shop
fb
dis,nflx
sbux
csx,nsc,unp
atvi,ea,ttwo
pep,ko
nvda,nvda,nvda
ual,aal
myl,sny,teva
aapl,gs,fb,amzn,nflx,googl,crm,nvda,adbe,csco,ibm,qcom
cmcsa,fox
aapl
w,amzn
sbux
amzn,nflx,dis,cmcsa,foxa
gild,nvs,gild,celg,blue
ibm
lulu,nke,uaa,vfc
jpm,c,bac,ms,wfc
hlf,usna,nus
aapl,msft
ba
phg
aapl
hear
gs
tsla,c
tsla,googl
msft,crm,cvx
gild,gild,alny,blue,atvi,nvda
cytx
orcl,amzn,msft,googl
baba
cbl,vno
nib,bcs
snap,twtr
xom
fb,amzn,nflx,googl,aapl,msft,bac,jpm,unh,nvda,hd,cmcsa,ba,gs,ms,pnc
blk
fb
ibm
rdy
dis,nflx,amc,cmcsa,t
nvda,googl,intc,qcom
baba
agn,teva,tmus,dish
dis,nflx,amzn
pfe,azn,bmy,mrk
ba,jblu
wmt,nflx,amzn,googl,t
amd
tsla
bac,amzn,bkng,kss,tjx,tpr,bby,mar
immu,cprx,bmrn
amzn,spot,aapl
pfpt,amzn
pep,ko
aapl
ba
wfc,jpm,gs,cxo,eog,schw,cma,uri,de
csco,wfc,pep,amgn,googl,v,ebay,amat,mdlz,low
nke,cmg,mdlz,qsr
gs
gs,jpm,c,bac
nflx,aapl,amzn,googl
ibm,aapl
db
tsla,xom
nflx
baba,amzn,goog,fb
aapl
f,tsla
aapl
aapl,msft,googl,goog,amzn,fb
fb,amzn,nflx,googl,adbe,avgo
fb
splk,it,jnpr
amd,intc
aapl,tsm
len,phm,tol,bzh
pir
baba
glre
tsla
atvi,ttwo,ea
googl
cmg
aapl
cost
tsla
fb,amzn,nflx,googl,gs,jwn,tgt,ge
aapl,fit,gpro,aaba,bidu,qcom
ms,fb,aapl,amzn,nflx,googl
f,jpm
nvda
mu
tsla
jpm,c
cvs,amzn
aapl
atvi,jpm,stz
twtr
ba
agn,rvnc,myl,pfe
fb,googl,aapl,msft,ibm
ma,v
goog,dal,pxd,amat,epd,ally,antm,usfd,unh,tm
googl,snap,fb
prgo
ssys,ddd,hpq,ge,goog
amzn,googl,aapl
wmt,jcp,kss,m,tgt,tjx,rost,burl,ssi,smrt,amzn
aapl
ge
bac,jpm
fb,amzn,nflx,goog,aapl
twtr,aapl,amzn,amzn,fb
jpm
nete
mu
cat
tsla,f
tsla
ge,bac,snap
sq
teva
ul,ko,baba
jnj,unh
ed,duk
tsla
fb,nflx,amzn
aapl
aapl,ab,sne
emr,ftv,hon,ir,rbc,utx,mmm,itw,fast
intc,pep
aks,nue
ups,wkhs
nke,uaa
shop
jd,baba
ms
hal,slb,bhge
fb
mat,has,dis
ge
pg
snap,fb
aapl
wtw
schw,amtd,etfc
mu
jnj
mu
amba,txn,mrvl,gnk,dsx,nke,gm,f,tif
nvda
cmcsa,fox,dis
vmw
tsla,sndr,xpo,odfl,wern
jpm,baba,stx
fb,goog,amzn
tsla,nflx,amzn
bac
ge
wmt,amzn
dis,snap,fb,goog,twtr
s,tmus
orcl
baba,baba
agn,asmb
tsla,f,gm,amzn
schw
pypl,msft,aapl,jpm,c,fb
goog,fb
crsp,vrtx
tsla,fox
fb,goog,snap
sage,crl
aapl,swks,crus,adi
sbux
gluu,fate,gm,f,kmx
fb,amzn,aapl,nflx,googl,bidu,baba,msft
csco
fit,gpro,grmn,aapl
m,amzn,jcp,tgt
swks,qcom,qrvo,avgo,mu,mgm,a,aptv,aos,aapl
nflx
nviv
wb,baba,wuba
aapl
msi
srpt,unh,antm
fb,amzn,nflx,googl
twtr
amzn,csco,jnpr,anet,ffiv
amzn,amzn,kr,sfm,tgt,wmt
salt,nmm
qrvo,avgo,swks
uaa,ua,nke
jpm,c,wfc,nflx,blk,jnj,axp
amzn,baba,msft
cag
amzn,baba
fb,googl,amzn,snap,vz,msft,twtr
tsla
tri,eqbk,gmre,wins,clf,aks,cc,amd,cde,nav
aapl,dis,amzn,nflx,wmt
tlry,cgc,ko,deo,nvs
fb
qrvo,mchp,tel,aph,adi,cy,on,st
bac,amzn,fb,googl,nflx,jpm
aapl,fb,ebay,msft,goog,orcl,csco,amzn
quad,fl,low
cron,tlry
tsla
jpm
tsla,baba,aapl,amzn,amzn,tgt,wmt,nflx
cxo,cme,ms,gs,ci,cmcsa,qcom,avgo
fb
mtw
bac
roku,nflx
bb,aapl
roku
kss,jwn
aapl,msft,goog,csco,orcl
nomd
fb,goog
baba,amzn
aapl,nok
csco,msft,anet
pld,eqix
googl,amzn,pypl
auy,gg,nem
biib,celg
msft,avgo,paa,kmi,wmb,cag,lw,rtn
nke,uaa,skx,rcky,shoo
dis,fox,cmcsa,viab,amcx,disca,nflx
amgn,regn,sny
ma,pypl,v
wday
esv
ko
twtr,tsla
incy,acad
wmt,aapl,xom,mck,gm,f,goog
aapl
vmc,mlm,exp,uscr,flr,acm,jec,gva,cat
amgn
cost,amzn
pypl
qcom,avgo,nxpi
cron
tru,nick
tsla,gs
wmt,amzn,kr,tgt
amd
cost
amd,intc,nvda
baba,bidu,jd
twtr
gs,stt,bac,cfg,cof,rf,ntrs,cma,wfc
wmt
nrg,mu,fb,agn,pnc
uwti
ibm,avgo,intc,qcom,msft,crm,fb
aapl,nflx
wmt,amzn,mcd
amzn,wmt,jcp,jd,googl
nflx,goog,amzn
pep,ko
googl
tsla
csco,hpq,ibm,intc,msft,msft
cat
aapl
nflx,amzn,aapl,dis
ge,wab
amzn,cmcsa,dish,fox,nflx,aapl
fb
efx
tsla
aapl
nflx
dva,unh,jnj
aapl
fb,googl,twtr
fb
orcl
nvda,pcar,intc
msft,tm,qcom,nxpi,intc,aapl,goog,baba
tsla
nflx
ma,vz,ea,ggg,eqc,gs,adbe,algn,vlo,isrg
nke,k,m,mcd,fb
fb
key,amat,amat,lrcx,mksi,ter,entg
gis
aapl,gm
msft
tsla
tsla,pypl,ebay
fox,cmcsa
auph
m,dks
aapl
msft
tsla,bud,pep,ups,aapl
anf
ba
wmt,amzn
aapl
ge
ea,sne,msft,ea,atvi,ttwo
aapl
panw,ftnt,cybr,feye
avp,ulta,el
wmt,wmk
aapl
nflx,dis,fox,amzn,aapl
len,len,dhi
nvda,amd
fb,amzn,aapl,nflx,goog
amzn,wmt,abb
ebay
aapl,googl
jnj
fb,aapl,amzn,nflx,googl,ice,baba,nvda,twtr,bidu,tsla
aapl,nflx,msft
wfc,amzn
jpm
lmt,mpc,intc,intc,tpr
amzn,amzn,kr,cost,wmt
tsla,gm,f
pep,ko
aapl,msft,amzn
jpm,c,gs,db
xom
rh
amzn
amzn,aap,anf,sfm,kr,wmt,bbby,rh,kss
rost,gps,tjx,plce
jpm,aapl,hd
cow
grpn
aapl,de,wmt,fb,fcau,agn,pfe,myl
wu,mgi
plse,cala,pirs,zts,jnj,sny,azn
fb
nvda
fslr,spwr
bac
gps
nflx,sbux,nke
slb,hal
jpm
fb
tsla
cmg,mcd,jack
aapl
fb
bhp,rio,vale
mpc,psx,dfs,csco,see,unp,ba,glw,ntap
aapl,amzn,goog
wsm
jpm,aapl,pypl,bac,wfc,fitb
nflx,dis,fox,foxa
tri,fb,amzn,wfm,msft,bac
nvda,goog
ksu
hsbc,nue,rs,cmc
nvda
mcd
gs,bcs
yum
chk
ibm
pm,fb,iipr
ba
tsla
aapl,msft,amzn,fb,xom,jpm,goog,googl,jnj
mu
aapl
sny
bac,msft,jpm,gs
jd,sina,wb,baba
sbux
aapl
lly
qsr
wmt,amzn
aapl,fb,googl
aapl,goog,msft,intc,nvda,avgo
vz
prgo
abt
cs
snap,fb,twtr
amzn
bac,c
vz
twtr
mrk
googl,bidu
play
expe
intc
dis
jjc
bmo
nflx,msft,amzn,fb,goog,googl,nvda,tsla,aapl
snap,dwdp
edu,penn,kbh
dwdp
ge
tsla
jpm
arnc
chk
qcom,nxpi,aapl,intc
nflx,aapl,amzn,googl
sedg
bmy
amzn
shop,oled
amgn,biib,gild,sage,zgnx,ttph,nbrv,mrtx,nlnk
jpm,bac
nflx,fb,spot,ebay,pypl,sig,gpn,wp
msft,fb,twtr,goog,aapl
tsla,foxa
fslr,btu,eog,clr,xom
shop
dis,nflx,amzn,foxa
wmt,amzn,goog
aapl
aapl,googl,nvda,intc,tsm
ba,lmt
aig
tsla,fmc,sqm
sbux,baba
x
amzn,vmw,msft,goog,ntnx
cxo,adsk,cog,algn,fb,nflx
googl
pypl
twtr,aapl
tsla
nvda
unh,zts,nvda,ma,pfe
pypl,ebay
ma
fb
aapl
has,jakk,mat
qcom,nxpi,avgo,swks
ba
aapl
nvda
sq,gs,crm,twtr
wmt,ibm
fb,aapl,googl,amzn,intc,qcom
csx,tpr,amat,aapl,googl,agn,wsm,wmt,jpm
tsla
amzn,fb,msft
aapl,fit
pzza,wen
wmt,amzn,jcp
atvi,dis
wmt,tgt,kss,jcp,m,hd,low,bby,ibm,c,gs,srg,swk,amzn
akrx
xom,cvx
kodk,riot,mara
bac
ge
opk,abbv
aem,gg,nem
intc,amd,nvda
gild
roku,amzn,dis,nflx
acad
td
intc,amd,nvda
intc,tm,eric,tsla
aapl,pypl,aciw,sq
twtr,fb,goog
fb,snap,amzn,nflx,goog,aapl
wmt,msft,amzn,googl
amzn,hlf,cmg
jcp,m,jwn,amzn,cs,gs,etfc
s,nvda,aapl,qcom
mu
nflx
fb
baba,bidu
tvix
jwn,tjx
amzn
twtr,sq,fb,goog
tsla
bac,gs,jpm
amzn,googl,nflx,dis,foxa
schw
hpq,hpe
pep
fb
c
ge
amzn,ebay,abt,nflx,atvi,ko,nvda,gs
tgt,orly,orly
aapl
gm,f,tsla
hsy
amgn,agn,pfe
cgc
tsla
amzn,ups,fdx,wmt
amzn,googl,crm,msft,ibm,adbe,qcom,avgo,csco
jnj
nvda
lite,fnsr,oled,qrvo,snps,amzn,nflx,tsla
amd,intc,nvda
ge
cost,dds,bks,lb,jcp,kr,dltr,jwn,anf,wmt
nflx,dis
snap,fb
cs
goog,gpro
gs
aapl,gs,jpm
ms
khc,f,amd
ulta
amzn,intc
fslr,csiq,vslr,jks
f,gm
ubnt
rev
nvda
alny,ions
aapl,adi,nvda,avgo,intc
mcd
mcd
swks,aapl,mxim
sbux
amt,wy,mmp,sti,ksu
fb,amzn,nflx
fb,googl,amzn,nflx
aapl,ebay,twtr,yelp,amd,gddy,goog,msft
t,vz
aapl
fb
fit,snap,aprn,trvg,wmt,fb
gild
aapl,cmcsa,sne,nflx,amzn
bby
intc,msft,qcom,hpq,amd
amzn,kr,syy,clx,hd,ttwo,tjx,cot,play,bwa,msm,adbe,anet,v,txn
aapl
intc,mu,nvda
amzn
cat
dis,tsla,fox
aapl,dal,aep,dhi,vz
tsla
unh,hum
coke,stz,cgc,tap
baba,aapl,pypl,sq,ebay
jpm
wynn,rcl,mar
ibm
f
amzn,wmt,amzn,goog,jwn,low,ulta
apop
aapl,qcom,intc,vz
usb,homb,pnc,oak,fbp
msft,pep
msft,aapl
tsla,amd,s,twlo,ctl,hlf,exas,fb,amzn,nflx,goog
nflx,dis,aapl,amzn
aapl
bb,dlph
pfe
aapl,sne,fb
nvda
vz,aaba,goog,fb
intc
aapl
tsla
ebay,pypl,nflx
hpe,nok,csco
fb
fb,amzn,googl,baba,expe,gddy,wix,bkng,trip,sfly,twtr,snap,ebay
ino
c,jpm,wfc
amzn
fb,amzn,aapl,googl
adbe
oil,xom
baba,fdc
intc,nvda,snps,cdns
plnt
amzn,cost,five,rost,tjx,jwn
jnj,pg,deo,ed
tsla
amzn,nke
cma,zion,cfg,mtb,cit,fitb,key
avgo
amzn,goog,msft,aapl
cost
pxd,pe,cxo
jpm,bac,bbt,cof
tsla
nvda,amd,baba,msft
acad,gild,gild
pypl,fb,nflx
v
icpt,sgen,exas,rare
f,gm
adbe
intc,txn,lrcx,nvda
wmt,amzn
amzn,fb,googl,foxa,dis,cmcsa,cbs,fds
tsla,lbrdk,vici,czr
gm,tsla,f
fb,amzn,nflx,goog
hpe,hpq
fb,aapl,googl,nflx,amzn
m,amzn
aapl,gs
aapl,lite
iclr,ilmn,orcl,infy
xom,cvx
vz,tmus,t
panw
aapl,msft
gs,jpm,blk,stt
fb,nflx
siri,vz
adm,pep,ko,ul
amzn,ups,fdx
dis,nflx,amzn
nflx
amzn
aapl,nflx
goog,gs,c
pfe,myl,agn,aapl
vz
aapl,tsla,ab,gs
t
gs
jpm
aapl,tsm
wmt,baba
amzn,c,wmt,hd,tif,c,c
dis,nflx,amzn
sina,wb
gm,f,tsla
jpm,bac,c,wfc
googl,fb,ibm,msft
tsla
fcx,bhp,rio,aapl
wmt,hum,amzn,cvs,ci,jpm
eaglu,cmcsa,vmw
mu
t,fb,csco,jnpr,anet
ge
amzn,ll,hd,tif,rcii,kmx,lad,plce,etsy,pets,rh,w,kr,wmt,cost,jcp,m,kss,tgt,tjx,rad
kss,jcp,cost
riot
sbux
dltr
amzn,amzn,kr,wmt
fl
msft
jnj
stz,cgc,gwph,cron
m,jwn,kss,jcp
amzn,msft,baba,goog
hd,unh,ge,utx,nke,gs,trv,dwdp,csco,pg
nvda
ge
aal,luv,dal
cgc,tlry,cron,pyx,nbev,crbp
gs,avgo,cmg,amat,lrcx,asml,flir,qrvo,vmc,nvda,nflx,zts,symc
cmg,yum
amzn
blk
aapl
aapl,lpl
snap,mro
aapl,intc,amd,msft
m,apa,bbby,eat,cy,anf,chrw,swn
tif,rl,el,m,kss,jwn
gme,msft
twtr,snap,fb
msft
trvn
pxd,oxy,hes,cvx,chk,apa,mro,apc,dvn
khc,ul
aveo
msft,bidu
lmt,utx,rtn
atvi
ge
amzn
ea,atvi
jpm
tsla,aapl,twtr,googl
ba,lmt,rtn
amd,intc
gs,yelp,rht,alxn,celg,uaa,amzn,nflx,ulta
aapl,googl,amzn
amzn,msft,goog,ibm,baba
bac,c
bac
apc,nbl
aapl,spot
tmus,vz,t
sig,tif
tsla,tsla
vrtx
csco
snap,fb
c,wday,googl,cb,nflx,nvda,amzn,msft,baba,fb,cmcsa,mrk
ms,sgms,evri
icpt,exas,biib,amgn
fb,snap
auy
nvda
tsla,f,gm
cmg
nflx,amzn,googl,csco,anet,rht,adbe,msft,crm,orcl,shop,fb,snap,ms,rcl,dis,stz
uaa,ua
fb,amzn,nflx,googl
googl,fb,f,snap,viab
cmg
sq
msft
wen,mcd,qsr,aapl,goog,twtr,sbux
bidu
f,tsla,gm
bac
fit,aapl
csco
gsk,nvs,pfe
wll
amgn,biib,gild,gild
bac,bac
amd,nvda
msft,adbe,crm,ea,jpm,bac,ms,wfc,unh,cvs
mcd,shak
sq
swks,avgo,qrvo
qcom,nxpi,avgo,swks
gild,jnj
twtr
mro
aapl
bby
stt
nvr,ebay,pypl,axp,bac,jpm
aaba,vz
aapl,googl,msft,amzn,fb
ge
intc
aapl,amzn
wmt,amzn
mrtx
ms,cs,schw,wfc
cmg
tcon
twtr,fb,amzn
tsla
fdx
bx
utx
fb
jhg
mcd,wen,shak,sbux,dnkn
tsla
etfc,amtd,schw
dis,foxa,fox
tsla
rji
tsla,sndr,r
mgm,lvs,byd
aapl
fb,amzn,aapl,nflx,googl
bby,rad
qcom,aapl
mmm,utx,hon,unp,fdx,ups,lmt,hsc,ts,wire
celg,bmy,mrk,abbv,pfe
twtr,sq,fb,amzn
nvs,opht
pep,ko
opk,gwph,insy
baba,ebay,amzn,bidu
rl
tsla,nvda
pcrx
bac
tsla
gm,f,hog
ksu,f,jbht
tsla
nvda
fb
twtr,cbs
wfc,goog,v,ebay,mdlz
jnj
kss,uaa,nke
amd
amzn,hd,low,bby,whr,ry,jpm
tlry,cron,cgc
tsla
jpm,pnc,trv,bac,gs,wfc,usb,bk,amzn,orcl,aapl,wmt
fb,snap,msft,tm
teva
gs,jpm
tsla
amzn
vfc
fb
blk
csco,crm,amzn,hpe,msft,vmw
twtr,fb
fb
msft,ea
fb
mu
tlry,cgc,cron
fb,googl,crm
amd
goog,fb,twtr
orcl
cycc
amzn,cost,wmt,goog
googl
gild
db
jhg,uwt,dwt,uwti,c,cs
gm,cnx,prgo,vrex,aapl,rad,cc,yelp,agr
pypl
nviv
googl,goog,amzn,nflx
wfc
googl
amzn
mu
s,tmus,vz,chtr
dal,aal,ual,mar,hlt,h,expe
hpq,avgo,now,data,nvda,nflx,ms
ccl,rcl,rcl
amzn
fb,googl
msft,symc,panw,feye,cybr
wynn,lvs
nvda,amd
avgo,aapl
mcd
tsla,aapl
atvi
ostk,w
mu
jjs,jo
nwl
nvda,mchp,avgo
mu
sq,pypl,twtr,wmt,mcd
mcd,cvx,dltr,googl,lrcx,amat,wfc,met,ups,nbl,ph,pfg
apd,shw
twtr
ge,cown,jpm
c
aapl,goog,amzn,nflx,crm
fb
csx,cp,alle,efx,ayi,tdg
mdlz
amzn,msft
ebay,amzn
jnj,amgn,gild,pfe,mrk
pulm
aapl,intc,avgo,fb,googl
celg
snap,fb,aapl,tsla,amzn,nflx,nflx
csco
aapl
sls
spot,amzn,aapl,goog
dnkn,qsr
msft
aapl,googl
msft,aapl
aapl,teva,usb,bk,dal,ghc,ibm
amzn
fcx,x
amat
aapl
fb
pgnx
nflx,bidu
ms
ebay,msft,amzn,fb
googl,fb,snap
tsla
googl,aapl
ibm
efx,symc,feye
ostk
bac
nflx,wmt
fit
msi,googl,qcom
nke,amzn,fb,uaa
aapl
intc,swks,qrvo,mu,nvda
aaba,vz
twx,dis
fb,pypl
nvda,tm,tsla,intc,qcom,nxpi
hsbc
intc
uaa
ko,stz,tap
fdx,ups
amzn,bks,gps,m,kr,bby
kodk
crm,googl,amzn,msft,csco
sbux,tsla,fb
baba
twtr
amzn
fb,aapl,nflx,googl
rjf,fb,amzn,nflx,googl,bcs
amzn,amzn,ul,cpb
etsy,ebay,amzn,w,ostk,litb
snap,aapl,fb,goog,twtr
csx,ksu,unp,luv,dal,ual,lstr
aapl
de
sq,twtr
m,dds
msft
fb
jpm,bac,c
amzn
aapl,ms
amzn,tgt,m,jcp,wmt,kss
shak
ptie,nktr,ipci
hrb
dis,aapl
hlf
sbux
amzn,myl,nvs,mck,cah,abc,wba
twlo
amzn,msft
fb,googl,nflx,amzn,aapl
tsla
gs
twtr,sq
wfc,c,jpm,bac
cag,gis,cpb,k,sjm,wmt
ba,lmt
cgc
ba,cvs,dg,csx,intu,vz,psa,wfc
tsla,f
aapl,tsm,avgo
tsla,amzn
gbt,nvo
pvh,vfc
fdx
dhx,nvr,fb,box,amzn,googl,ago
fast
snap,amzn
kr
celg
ice,msft,sbux
amzn,crm
pbr
schw,vlo,nee,all,csco,hd
aa,rio,aapl
nvda
fcel,plug,gm,f
blk
gm,tsla
gs,c
fb,googl,amzn
qcom,mas,ame,mdu
exas
v,ma,ath
pep
amzn,msft,goog
aapl,syna,oled
fb
blk
crm
msft,amzn
vktx,mdgl
ms
f,gm,fcau
spwr,tsla
pxd,hes,apa,apc,chk,oxy,cop,mro
duk,nee
dltr,dg,big
msft
goog
ms,gs
tsla,tsla
vmw,amzn,msft,goog,orcl,csco,ibm
qcom,aapl,intc
jd,baba
gm
aapl,wdc
fb,goog,aapl,nflx,amzn,msft,csco,nvda,adbe
mcd
tsla,gm,f
ko
twtr
mtw,osk,nav,tex,cat,de
fb
grub,exas,azpn
jcp
baba,amzn,aaba,vz
ual
mrvl
blk
stt,trow,pcar,pkg,rpm,luv,dal,ual,aal,ge
dgz,dtys,tapr
twtr,tcs
hzo,mpx
tsla,tsla,gm,f
tlry,cron,cron
intc,txn,aapl,swks,avgo,qrvo
all
gg
zts
cgc
baba
snap,fb
nee,so,duk,d,aep,exc,ed,xel,amzn,fb
aapl,fb,wmt,ibm,twtr,sq
htbi,ffnw,fsbc
symc
ibm,wfc,aapl
tot,vlo,mpc,cnq,ms,mu,ibm,ath,bsmx,dfs,gs
ubs,db,san,bk,gs,bcs,cs,bbva,rbs,jpm
qcom,aapl,avgo
rht,aapl,adi,flir
pyx,cgc,ko,deo
aapl,glw
tgt
amzn,wmt,tgt
tsla
khc,gt,mgm,ntri,cohr,xec,hal,wmb,blk,syf,sppi
blk
googl,fb,csco
auph
has,dis
fb,aapl,crm
fb,snap
sbux
sq
ge,mrk
gm,fred,qhc,cc,dds,mu,hpe
aapl,amzn
cl,sjm
csco,panw,feye
abbv,amgn,agn,biib,teva,hznp
fdx
ebay,amzn,tgt,wmt,pypl
amd,nvda
spwr,sre,so
msft,goog
cmcsa,fox,dis
c,bac,wfc
t
aapl,bac
ba
tsla,amzn,goog
nvda
nvda
cost,amzn
mgi
insy
ba,ge,hon,hrs,ibm,rtn
twtr,fb
baba
tsla,fslr,vslr,spwr
blk
twtr,tsla,fb
qcom,aapl
qcom,nxpi,bidu
goog,amzn
nok
jpm,gs,axp
aapl,qcom,intc,rjf
cbs,nflx,amzn,viab
ge,wba,csco,gm,t,aapl,nke,aa,bac,hpq
fb,goog,nyt
tsla,msft,fb
msft,amzn,orcl,googl,fb
gm
xom,cvx
ge,bhge
tsla,msft,googl,aapl,fb
tsla
mcd,fb,googl,msft
fb,googl,aapl
rad,amzn,wba
pfe,lly
crm,goog
tlry,deo,cron,cgc
t
tsla,gm,googl
xom,apc,e,bp
nvda,ibm,msft,amd,tsla
tsla
foxa,all,trow
eog
orly,amzn,rost,aapl,dpz
amzn,wmt,tgt,m
fb,googl,aapl,pg,ul
aapl,msft
tsla
aapl,fb,amzn
cyh,qhc
ge
ge
wmt,amzn,msft
aapl
ko
ssnlf,fit,aapl
lmt,noc,cae,hei,hei
aapl,nflx
mmm,jnj,ba,amzn
cbs,t,fox
fb,nflx,googl
ko
aal,jblu,save
amd
gpro
ma
msft,ibm
cmg
ntes,cdw,eeft
amd,intc,nvda
fb,aapl,googl,amzn
mcd
ba
wmt,tgt,tjx
aapl
amzn,goog,fb
v
gs
qcom,nxpi,avgo,aapl
fit,crox,oxy,twtr
qcom,avgo,cmcsa,chtr,t,vz,tmus
khc,ul
googl,aapl,ubs
cmcsa,foxa,chtr
aapl,jnpr,ctxs,glw,hpe,ebay,lrcx,ntap,vrsn,ffiv,hpq
bby
mkc
twtr,fb
tsla,twtr
mgm
bac,cit,c,gs,jpm
c,bac,jpm,ms,wfc,pypl
tsla,gm,f
tgt,wmt,cost,dg
eols,gshd,sldb,zs,lasr,whd
amzn,crm,aptv,iqv,jpm,len,aig,slb,ma,sbux,nvda
fb,googl,twtr
cmta
box,fb,amzn,googl,msft,ibm
bby
txrh,denn,rick
snap,fb,goog,twtr
cxo,trp,vlo,enb,rrc,xom
msft
fl,nke,nke
msft,googl
dal
cbs
qcom,swks,avgo,nxpi,idti,mxim
gs,ms,c
aapl,gm,f
ba
ebay,pypl
jpm,bac,wfc,pfsi
googl
mcd,googl,fb
rio
amzn,aapl
tsla,gm,f
fb,xom,cat,bac
panw,symc,cybr,amzn,ftnt
qcom,nxpi,aapl
dpz
sbux
fb,amzn,nflx,googl,mcd
amzn,nflx,cbs
msft
aapl
tsla
amzn,c,ups,fdx
fb,amzn
wmt,amzn,bby,m,kss,hd
bkng,pm,oi,bwa,tap
nflx,amzn,t,foxa,disca,cbs,viab,dis,fb,snap,twtr,googl
lulu,nke,gps
jpm,bac,c,etfc
gps,bby,dg,dltr,tjx,tpr,urbn,amzn
wfc,ksu
tsla
twtr
m,amzn
aapl,googl
gild
csx,fisv,jbht,nsc,nue,payx,sti
sbux,mcd
pulm,gsk,azn,nvs
ibm
baba,googl,bax,dwdp,blk,fb
gm
ea
amzn
wmt
csco,hpe,amzn,ibm,orcl,sap,wday,now,feye,hubs,zen,googl,crm
insy
ibm
pg,ul
dis
jpm,c
mcd
bmy
hpe,hpq
aapl
intu
tsla
intc
snap,fb,twtr,baba
nem,kl,auy
jwn,amzn
jcp
intc,aapl
evr,gs
incy,cala,bmy
googl,amzn,aapl,ma,msft,v
ibm,msft,intc,goog,googl,amzn,gs
twtr,sq,fb,snap
qcom,aapl,intc,goog,amzn,msft,fb
intc
jpm
clvs,azn
fb
amzn,jpm
aapl,adbe
tsla
ba
goog,fcau,tsla
blk
fb,aapl,nflx,goog
googl,orcl
regn,alny
spot,aapl,amzn,googl
nke,fl,dks,amzn,flex
msft,goog
baba
nvs,abbv,celg,galt,mnta,derm
msft,nok,goog
tgt,wmt
aapl
amzn
googl
tsla
f,gm
jpm,c
sne,fb
ko,stz,cgc
fb,amzn,goog,msft
lulu
lulu
amzn,amzn,jd,wmt,baba
msft
qcom,nxpi
vmw,amzn
jpm
atvi,ea,ttwo,shop,aapl
amzn,lyv,ebay
googl
roku,nflx,dis,goog,amzn
snap,fb,twtr
sne,c,spot,nflx,aapl,amzn,googl
amat,mu,nvda,intc
fb,aapl,amzn,bb,msft
tsla,gm
ul,dte,s,vod,lbtyb
sq
jpm,bac,msft,ubs,ibm
tsla,gm
twtr,fb
snap,fb
sbux
fslr,sedg
aapl,intc,msft,qcom,nxpi
xon,nvs
gis,k
fb,snap,twtr,amzn
spot,docu,dbx,eb,gs,ms,jpm
fit
nvda,aapl,msft
ms,wfc,ubs
fb,aapl,amzn,nflx,googl,baba
fb,twtr,snap
fb,amzn,twtr,grub,snap,spot
amzn,gnc
tsla
cbs,amzn,t,dis,foxa
mu
gogo
cme
fosl,abmd,nflx,twtr,trip,uaa,cmg,algn,m,aapl,fb,snap,nke,amzn
f
schw
sne
bac,c
nxpi,pypl,v,de,googl
amzn,wmt,cost,rost,gps,jwn,m,jcp
dis,cmcsa,fox
intc,amd
csco,anet,jnpr
cs
aapl,t,vz
once,icpt,sgen
cvx,xom,kmb,ge
fb,amzn,aapl,nflx,googl
hal
bac
nee,aep,ni
intc
nke,cmg,hlf,adp
jpm
mu,lrcx,amat
sbux
amzn,msft,goog,baba
fb
utx
vz,aaba,fb,googl
gwph
ba
sq
fb,snap
tsla
ebay,amzn,bid,bkng
tsla,gs
qcom,intc
amzn,wmt,tgt
tsla
cat,mmm,swk,ba
chk
amzn
wft,epd,eog
tsla
fb,aapl,goog
tsla
tsla
cmg,mcd
endp,insy,agn,teva
nvda,amd,xlnx,qcom,mchp
nvda
tsla
sap,nke
amzn,amzn,kr,ulta,aprn,irbt,msft,goog
t,blk,mmm,fb,wfc,gs,khc,gt,hal,mgm,ntri
swks
baba,aapl
tlry,cgc
fb
amzn,tlys,aeo,boot,dlth,ely,dks
ko
amzn,aapl,googl
mgpi
amzn,googl,pypl,fb
qcom,nxpi
aapl,intc,qcom,msft
schw
baba,amzn,bidu,kr
jpm,wfc,gs,bcs
jpm
amzn,cvs,wba,jpm
kr,amzn
snoa
imgn
ms,jpm,gs,bac
ge
pg,ko
mdlz
tsla,orcl
aapl
aapl
mu
bac,aapl
gwph
tsla,ba,lmt
orcl
fb,amzn,googl,msft,ibm,t,aapl,orcl,sap
sq
vrtx,algn,isrg,cnc,mtd
googl
wmt
icpt,icpt
intc,nok,nvda,tsla
twtr,laz,ab,gs
aapl,amzn,nflx
ms
aapl,ms,cs
ulta,orly,ctsh,cdw,cnc,uhs,itw,cpb,ge,abc,luv,khc,amzn,jpm
fb,googl
tsla
jpm
fb
twtr
amat,aapl,klac,mksi,asml
rig,ne,rdc
amzn,goog
blk,ms,db
aapl
aapl
efx,fb,amzn,goog,googl,msft,nflx
rh
bmy
mo,bud,pm,uvv
nvda,tsla,intc,amd
amd
aapl,bby,gme
fds,tot,sap
siri,aapl,spot
orcl
jpm
nvda
msft,nvda,intc
pcg,eix
wmt,amzn,jd
feye
jpm
amzn,wmt
twtr,baba,fb,snap
aapl,snap,fb,twtr,msft,amzn
v,ma
kbh,len
gild
tsla
jnj
baba,kr,amzn,wmt,cost,tgt
aapl,amzn,googl,fb,ibm,msft
cat,mmm
v,ma
fb,googl
wmt,ibm,amzn,tgt,ctsh
tgt,wmt
ko,pep
tgt,wmt,amzn
symc,csco
aapl
tsla,googl
cmcsa,t,chtr,nflx,amzn,dish,googl
cbs,cmcsa,dis
bidu
intc,nvda,amd
qcom,nxpi,avgo
lulu,nke,ua
nvs,celg,gild
msft
avgo,aapl
pypl
qcom,aapl
f,gm
snap,fb
aaba,vz,sne,tgt,hd,jpm,antm,csco
aapl
gis
fb,amzn,googl
aapl
goog,fb
wba,fred,rad,cvs
vmw,ibm,amzn,csco,hpe
vmw
amzn,hd,fnd
cvx,su,apa,cog,xom,eog,cnq,rrc
aapl
amzn,nflx,wmt
nvda
ko
nflx,fb,aapl,goog,amzn
once,bmrn
adm,hrl,wmt,ctas,gd,ecl,jnj,mcd,afl
mdt,abt
ubs,wfc,blk
vmw,amzn,msft,ntnx
nvda,mrvl,tsm
baba,amzn
stor,amt,spg
amzn,msft,baba,v,adsk,bkng,xpo,tdg
aapl
pypl,ebay
kr,amzn
msci,cpa,meli,ts,ggal,glob
fb,aapl,amzn,nflx,googl,ge,t,ibm
nok
bk,luv,aapl,aal,ual,ibm,fox
ba,cat,ge,ce,celg,lly,mrk,orcl,pfe,rtn,utx,tgt,wmt,dg
jcp
twtr,snap
gild,gild,biib,celg,celg,blue
amzn
teva,agn
fb,aapl,amzn,baba,nflx,adbe,msft,goog,tsla,orcl
jpm
csco
avgo,qcom,gis,aapl
lm,amzn,goog,ebay,aig,quot,len
msft,ctsh,infy,wit,amzn,intc,goog,fb,aapl
tsla
amzn,msft,sap,adbe
cost
wmt,amzn
incy,mrk,cala
gm
gs,bac,wfc,c,ms,aapl
nke
tsla
ceix,twtr,esv,bhf,gm,aer
fb
prta,celg
nke
fb
jbl,aapl
celg
fb
baba,chkp,sina
tsla
hpe,hpq,amzn,vmw,csco
wpg,wpg,cnsl,stx,ht,m,ge
bby
tmus,t,vz,s
nflx
icpt,nvs,gild
bti,pm
dis,googl
low,hd,amzn
uaa
cy,idti,mxim,mlnx,on,smtc,xlnx,adi,mrvl
twtr,sq
avgo,swks,cy
s
ab
jpm,bac,wfc
sbux
msft,goog
ba,tif,wynn,bkng,coty,mcd,cl,c,pm
schw,aapl,goog,sbux
nke
aal,wba,idxx,ulta,ctas
wwe
aapl
dis
qcom,aapl,nxpi
agn,endp,teva
nflx
msft,goog,fb
tsla
trgp,ptc,iac
aapl
mu,wdc,tsm
amzn,msft,googl
nflx,dis,amzn,aapl,dis
amd
msft,amzn,goog,vmw
snap
gs,jpm
tsla
dis,pfe,agn
utx,hon
spwr,tm,tot
gs
nvda
ccj
nvda,jwn
ea
gild,incy,ions,biib,amgn
tsla
ms
cmcsa,dish,nflx
tgt,kss,jcp,m
amzn
alb,ecl,iff
panw
ko
fb,amzn,aapl,nflx,googl,tsla
crm,msft,amzn,csco,ibm,goog
qcom,avgo,nxpi
fcx
mcd
f
s,tmus,aaba
jpm,c,wfc
bx,cg,kkr,gs,ms,c
aapl
jpm,bac,wfc
kr,wmt,amzn,amzn
slb,tgt,t,wfc,hsy,hrl,sf
fb,googl,amzn,nflx,aapl
vz
chl,eca
kr,amzn,wmt,cost
usna,adus,uve
alxn,alny,jazz,vrtx
fb,googl,twtr,snap
nvda,amd
regn
msft,amzn,goog
tsla,twtr
sny,celg,jnj
dks
aapl
gm,tsla,cmg,low
spgi,ms,gs
mu
fb,twtr
tsla
aapl
aapl,msft,fb,intc,goog,ssnlf
xrx
anet
schw
gs,bmo,jpm
bac
wmt,amzn,tgt
vz,tmus
fb,twtr,snap,amzn
ulta,pvh
m,jcp,tgt,amzn
adbe,ko,crm,orcl,sap,ebay,shop
amat,mu,nvda
aapl,gs
wfc,c,bx
cs,slb,hal,esv,ois,rig,nov
tsla
tsla
immu,sgen
adp
fslr,spwr
cat
regn,incy
fb
xom
tsla
fit
panw
csco
tmus,s,t,vz
tsla
sbux,mcd,yum
kmx
nflx,amzn,googl,fb,twtr,aapl,spot,intc
adxs
amd,nvda
orcl,tsla
momo,yumc,wuba
amzn,tpr
tsla,tsla
nvs
yum,yumc
aapl,ibm
sbux
ge
amzn,goog,baba,aapl
celg
luv,aa,axl,cat,f,hon,knx,utx
pypl
jpm
roku,amzn,nflx,googl,snap,aprn
jcp,tgt,ebay,nflx,amzn
tmus,s,vz,t
mkc,syy,k,mdlz,amzn
sq
db
fb
nvda,avgo,cy,mu
low,hd
vslr,zixi,mtbc
nxpi,qcom
anet,csco,msft
fb,snap,twtr
csco,goog,amzn,msft,ibm,ge
aapl,amzn,fb,googl,msft,ibm,fb
aapl,amzn,msft
twtr,fb
hlf
pzza,dpz
fgen,uctt,nvmi
nflx
amzn,v,mc
msft
fb
aapl
bidu,goog
apo,bx
immu,sgen
amzn,rad,wba,wmt,cvs
t,fox,disca,cbs,viab,s,tmus,cmcsa,dis,vz,chtr,fwona,cvs,ci
fb,amzn,aapl,nflx,googl
sjm,gis
ko
blk,bui
blk
amd,intc
mcd
mu
cmg,mcd
amzn
aapl,crus,swks,qrvo
six,lb,qcom,tgt,aapl,avgo,nxpi,stx,ctl,navi,skt,pbi,omi
tsla
cmg
amzn,cah,mck,jpm
symc,tsla,amzn
gs,dis,viab,gm,pep,qcom,low,cl,tap,d,de,ge
amzn,msft
amzn,aapl
nflx,cmcsa,chtr
sls
amzn,goog,fb
amd,intc
roku
cs
f,gm
sre
msft
twtr
baba,tsla,aaba,pypl
apo,cenx,ttmi
nktr,argx,vcel
infy
amzn,goog,aapl,fb
fb,goog,aapl
alk,ual,dal,luv
wix
tsla,aapl
tsla
bb,msft
googl,fb
schw
ups,fdx,amzn
ba
antm,unh,jpm,cma,bcs,axp,ko,aapl,goog,msft,vz,t
vlo,psx,mpc
snap,fb,amzn
twtr,snap,fb
amzn,aapl,msft,goog
fb,intc,googl
amzn
shop,cgc
nke
mu
mu,amd,intc
fb
amd,nvda,intc
goog,aapl
tsla,tsla
nflx
msft,csco,intc,qcom,aapl,amzn,googl
jcp,m
amzn
mat
nke
amzn,wmt,dg
vnr
bbby
wfc
googl,lrcx,cmi,c
intc,qcom,eric
amzn,aapl,fb
aapl,avgo
amzn,googl,bcs
intc
tsla
tsla
msft,v,nflx,avgo
avgo,qcom,aapl
fb
fb,aapl,amzn,bb,msft
bwa,dlph,vc,vc
tsla
sgg
tlry,cgc,cron
sny,regn
amzn,jpm,googl
foxa,dis,dish,cbs,fb,googl
cybr,ehc,panw,vnom,wwe
gps,amzn
intc
lulu,nke,uaa
amzn,goog,msft
dis,nflx,fox
bp
pg
tsla,ups,pep
alxn
mo
amtd,etfc,schw,apo,cg
blk,wetf,cboe,ivz,msci,spgi
aapl
msft
mu
nvda
sq,pypl,baba
mchp,mxim,amat
fb
vz
amzn,jpm,unh,ci,cvs
tjx,rost,jwn
amzn,goog
aapl,tsla
rh
jnpr,ibm,fb,csco
nvda,amd
iipr
aapl,bac,wfc,ko
fb
msft,googl
amzn,googl,nvda,aapl,msft
snap,sq,pypl,googl,aapl
mu
fb,amzn,aapl,goog,nflx,msft
baba,fb,amzn
db,c
amd
ge
bkng,aapl,amzn,goog
sf,mrk,pfe,gel,rrc,stt,trow
fb,goog
snap
fb,msft,googl,baba,amzn,qd
googl,aapl
aks,x,nue,stld
nav,f,rl,wtw,whr,ph,hum,bk
xom,psx,vlo,mpc,cog
amzn,wmt,nke,tpr
lrcx,klac,asml,amat
hum,unh,cvs,ci
dal
alks
dis
pep
intc,amd
jnj
cat,f,cpb,nue,x,aks,stld
nvda,intc,amd,googl
vz,nflx,tmus,t
fb,amzn,nflx,goog,wdc,tsm
googl,aapl,fb,amzn
msft,amzn
ko,wba,stz,pm,t,hsy,mo
ibm,amt,intc,csco,ge,hon,alrm,aapl,amzn,googl,panw,jnpr,vmw,symc,fslr,spwr,nee,eix,pcg,tsla,gm,f,isrg,ecl,awk
amzn,fdx,ups
pep
aapl
jbht,lstr,odfl
nvcr,mrk,ziop,gwph
msft,goog,aapl
snap,fb
jpm,bac,schw
roku,nflx
baba
qcom,nxpi
aapl,msft
cost,amzn,amzn,tgt
roku
wmt,gs,mmm,ibm,intc,wba,dwdp,dwdp,cat,cvx,ko,jnj,mcd,pg,trv,f,wdc,mu,dish
avgo,qcom
orcl
intc
roku,aapl,googl,amzn
biib,amgn,gild
bac,jpm,c
ally,baba
cost
qcom,nxpi
m,kss,tgt,jwn,tri,amzn,wfm,wmt,info,aig,bk,ntrs,ubs
tsla,gm,f
etsy,ttd,aaxn,i
googl,aapl,msft
amzn,wmt
jpm
wmt,ua,nke,cri,db
nok,aapl,msft
twtr,amd
amzn,nflx,dis,fox,cmcsa
aapl,glw
sbux,qsr,k
znga,snap
tmus,s,t,vz,cmcsa,cci,sbac,amt
aapl,goog,gs
sndr,r,lstr,jbht,rrts,wern
fb,amzn,aapl,nflx,googl,goog,dds,shak,fred,rh,bgfv,jcp,rcii,smrt,big
jd,baba
aapl
fb
stz
kkr,dis,atvi,ea
bg,dk,eog,oxy,pxd,su,wpx
mack
tsla
vz,t,chtr,cmcsa,aaba
fb,sne,nflx
vz,fb,goog
baba,googl,qcom,nvda
dis,twtr,nflx,ea,atvi
cost
amgn,gild
aapl
crm
intc,amd
amzn,msft,goog
znga,fb
flt
msft,aapl,amzn
fb,aapl,amzn,nflx,goog,bac,c,gs
aapl,qcom,nxpi
ko
amzn,wmt
aapl
tsla,aapl,goog
amzn,googl,msft
hpq,aapl
msft,amzn
stz
gs,nke,nflx,has,xom,cost,c,avgo,aapl,v,ma,googl,fb
amd,tsm
ko,pep,kdp
pg
aapl,spot
sbux
tsla
rh,wsm,tpr
aapl,bac,c,wfc
aapl,nflx,nflx,msft,goog,amzn,fb
mat,has,baba
ba,ko,f
ba
snap,fb,amzn
amd,amzn
do,esv,ne,rdc,rig
wmt,amzn
ulta
aapl,teva,dal,bk,tbbk,wfc,chtr,lbtyb,psx,vrsk,ual,ghc,ibm
gild,mrk
mt,rio,aks
jpm
aaoi,upld,tdoc
nvda,amd
atvi
gild,unh
tsla
bud
bud,pep,ko
amzn
rost
cmg
googl,fb
aapl
bidu
spg,doc,roic
spot,gdi,ath,atus
avgo,aapl
v,pypl
aapl,bby,t
ual
emr,hon,utx,ir,alle,dhr
wmt
cmg
ice
nke
aapl,fb,googl
msft
gg,nem
csco
wmt,amzn
gs,fb,googl
fb,twtr,snap
pg,pep,cl,pm,pm,mdlz
googl
bac,jpm,ms,c
amzn,grub,wmt
lmt,utx
nke,amzn
mu,tsm
nvda
crm
fb
syy
amzn,msft,goog,baba,wmt
bac,jpm
fb
baba,amzn
tsla,foxa
tsla,ibm,crm
dis
aapl,goog,msft,amzn,fb
msft,amzn
hlt,h,mar
twtr,snap,fb,goog
has
mu
jpm
nvda
jpm,amtd,etfc,schw
jpm
tsla
tlry,cgc,pypl,ko,deo
msft
s,tmus
gs,ge
amzn
nflx
fb,amzn
fb,snap,twtr,googl,aapl
cgc,tlry,ko
tsla,nvda,intc,amd
avgo,qcom
jpm,bcs,bac,c,ms
cost,amzn
intc
gs
aapl,td,fb,amzn,tsla,nflx,msft
agn,jnj
baba
amzn,m,dds,kss
celg,biib,gild
pcg,cvs,cah,celg,kr
amzn,fb,aapl,jpm
tsla,f,gm
amzn,msft,wday
googl,msft,ma,crm,v,now,baba,amzn
wmt,amzn,gs,baba
el,ulta
ba,cat,f,gm
nflx,cmcsa,dis
fb
aapl
jpm,cs,bcs
baba,pypl,aapl,fdc
nvda
aapl
msft
ale,sr,sji
mnst,pvh,atvi,pm,tif,uaa,nke,lulu,sam,mat,fosl
tsla
amd
uaa,ua
googl
jpm,bac,wfc,c,gs,ms,db,cs,ubs,san,ing
cib,ec
aapl
wmt,amzn,kr,tgt
aig
intc
dis
amj,bcs
amzn,amzn,kr,cost,wmt,hain,unfi,m
mcd
gwph,insy,cara
baba
aapl,stm,cy,nxpi,qcom
ibm,ge
wy
msft,aapl,amzn,googl
amd,amzn,nflx,nvda,intc
fl,dsw,scvl,nke
gs,aapl,bcs
dis,fox
nflx
c
gs
tsla
odp,pypl,anf,blmn,iac,sfm,tpr,urbn,esv,five
aapl,ibm
aapl
nflx,amzn,dis,foxa
sbux,msft
c,bac,jpm,cost
ba,ryaay
amzn
intc,mu
ge
aapl,avgo,jbl
nvda,amd
baba,fb,bidu
expr
msft,gs
cvx,cop,hes,ms
vz
nke
sedg,csiq
dis,fox,baba
aprn,amc,nwl,hov,mpo
mo,pm,bti
amzn,aapl,msft,fb,goog
cow
fb,amzn,goog
sna,swk,pool
kmx
shop
jpm,ms,c
gild,agn
fb,msft,ibm
jpm,ry,anz
fb,msft,googl
nflx
schw
twtr,aapl
tsla
tsla
bgne,sivb,ath,apo,uri,amp,luv
dal,ual,alk,save,jblu
aapl
intc
aapl
msft,fb
jnj,mrk
etfc,schw
riot,kodk,ostk
gild
tsla,ms
wmt,amzn,amzn
nflx,dis
vz,dish,chtr,t,cmcsa,s,tmus
ba,gd,lmt,noc
gild,alxn,vrtx
intc,googl
fb,twtr
low,hd
bvxv
amzn,googl,wmt,tgt
nvda,tsla,intc
msft,aapl,fb,goog
dis,nflx,fox,amzn
tsla,twtr
snap,fb,twtr
amzn
lulu,gps,nke,uaa,amzn
cvs
amzn,amzn
amzn,ebay,aapl,wmt,hd,bby
cvs,amzn,wba
nvda
fb
msft
amd
gs,amzn,nflx,fb,bkng,expe,incy,alxn,celg,googl,pypl,adbe,rht
goog,amzn,fox
jpm,ms,c,fdx,hon,rhi,xom,cvx,cop,dwdp,mlm,nem,msft,aapl,googl
tsla,nflx
amzn,twtr,cbs,cmcsa
abbv,v,unp,afl,six,snx,asb,umbf
aal,ual
ba,amzn,ups
blk,aapl,csco,pfe,intc
twtr,sq
jd
gs,amd,swks,cbs,cvs,dish,mrk,incy,crm
amzn,wmt,bby,tgt,kr,cost
nflx
ndaq,c
csco,msft
amzn,fb,goog,baba,bac,gs,aapl,fis
aapl,c,hznp,lb,goog,fb,adbe,bac,bx
mu
amzn,msft,googl,aapl,nflx,ma,v,adbe,ba,nvda,fb,fb
aapl,hpq
aapl,nflx,cbs,t,amzn
crm,jpm,gs,snap
f,tsla,gm
amzn,fdx
aapl,ssnlf
orcl,amzn,msft,baba
tsla
dnkn,snap,msft,fb,goog
cs
gild,gild,pirs,cbay,abeo
wmt
cah
mu
bac,wfc,cfg,rf,cma,key,pnc,sti
fb,pypl
cost,wmt,amzn
tsla
tsla,gm
tpr,amzn,pvh,nke,kss,tif
sd,hk,mpo,gdp
nvda,amd,xlnx,intc
srpt
tpr,trp
blk
xoma
atvi,adbe,mu
gild
tsla
tap,sam,brew
intc,amd,nvda,tsm,it,msft
amzn,wmt
tsla
t
msft,aapl,amzn
pfe,bmy
intu,msft,goog,fb,aapl,amzn
blk
tgt
jjc,scco,fcx
t,ibm,nok,panw,symc
amgn
fb,goog,aapl
mu
eth,lzb,gm,f
goog,intc,nws,orcl,yelp
twtr,snap,fb
slb
msft
fb,googl
gpro,jpm
bidu,nflx,baba
fb,amzn,aapl,nflx,googl
fe,aep
celg,amgn
nxpi,qcom
baba,amzn,fb,bidu,jd
schw
low
csco,ibm,swks,t,intc,vz,qcom,aapl
swks,aapl
qcom,aapl,nxpi
ontx,pfe
hd
jnpr,csco,eric,anet
msft,amzn
usg
goog
mu
bb,aapl,ctxs,msft,vmw
hpe,aaba,bax
agn
twtr,fb
intc
aapl,nflx,amzn,fb,googl
googl
aapl
amtd
adp,mdlz,nomd,apd
amat
aapl
hog
gs,amzn,aapl,nflx,googl,fb,mu
fb,nflx,amzn,googl
bidu,baba,fb,aapl,nflx,goog,nvda
duk,d
shop,fb
nke
nflx,foxa,dis,cmcsa
baba
sbux
pep,pg,wmt,pm,mo,bti,cs
aapl,amzn,msft,ea,adbe
hpq,hpe
nke,uaa,ua,fl,lulu
mcd,cg,yum
stz
fb,twtr,snap
fb,amzn,nflx,fb,amzn,aapl,nflx,googl,msft,aapl,jpm,bac,ms,c,gs,wfc,ba,cat,csx,de,hon,gd
orcl,ttwo,atvi
vmw,msft,rht,amzn,csco,hpe
ge
aapl,tsm
aa
aeo
tsla,aapl,amzn,nflx
mu,klac,amat
csco,ba,mrk,orcl,ma,avgo,aapl
nvda
baba,ibm,ma,bac,acn,intc,v,googl
spot,aaba,fb,aapl,nflx,goog,baba,bidu
qcom,nxpi
swks
gpro
t
duk,nee
nflx
blk,jpm
vnce
nflx
lly
ubs
amzn,csco,msft,crm,akam,eqix,ffiv,intu,jnpr,vmw
mrk,jnj
mcd,yum,ko,aapl,googl,fb
intc,mchp,xlnx,ea,atvi,ctrp,amt,crm,aapl,msft
s,tmus
gild,espr,exas
fb
googl,mcd
antm,azo,chtr,ctas,dg,tgt
ebay
fslr,spwr,vslr,tsla
jnj,unh
bcs,hsbc,lyg,rbs
cost
v
aapl
rig
cmg
aapl,fb,googl
fb,sne
once,rgnx,bold,vygr,bmrn,sgmo,qure,pfe,biib
rtn,lmt,eslt,symc,panw
jpm,bac,c
aapl
stt,mco
clls,celg,gild,nvs,pfe
amzn,aapl
nflx
twtr
fb
m,amzn
aapl,goog,amzn,fb,msft,orcl,sap
amd,nvda,intc,tsm
fb,amzn,nflx,googl,aapl
hpq,hpe
tsla,googl,gm
wy,f,hpq
jpm,cs,gs
nflx
aapl
kodk,burg
ko,pep
aapl,googl,msft,fb,amzn
hlf,ajg,dpz
aapl,msft,msft
cboe,cme
nvda,intc
celg,biib,amgn
t
dks
exas,unh
blk
amzn,gpro,roku,fit,unfi,tgt,ebay,wmt,aapl
jcp
amzn
intc
jpm
pep
txn,cvs,pnc,syy,mdt,blk
aapl,tsla
dnkn,sbux
pm
nvda,amd
mdlz,fb
t
aapl,pfe,msft,xom,mrk
amzn,ms,amzn
smg
bac,jpm,c
googl
nflx,viab
adi,aapl,swks,crus,adi,swks,crus
fit,aapl
fb,goog,amzn,intc,msft,csco
celg,regn,incy
nflx
qcom,aapl,intc,avgo
amd
ups
xom,cvx,cop,eog,oxy,vlo,psx,mpc,apc
sbux,pep,ko
baba
jpm
msft,amzn
tsla,aapl
tsla,gm,f
amzn,googl,bkng,nvr,fb,nflx,aapl
goos
ibm,msft,ntrs
baba
anet,csco
amzn,googl,snap
googl,amzn,fb
xom
jpm,bac,evr
tsla
wmt
dwdp
mcd,hd,tgt,cost
unvr,mrcy
nke
snap
win,elnk
wynn
nem
mu,umc
exas
plug,wmt
dltr,dg
fslr,spwr
amzn,fb
aapl,hpe
cs,amzn,avgo,jnpr,cvs,cmg,regn,dg,luv,jwn,antm,unp
avgo,qcom,swks,qrvo,cy,mrvl
nvda
nke,lulu,uaa,ua
cy,avgo,qrvo
bac,c,jpm,wfc,gs,ms
ttwo
hpe,csco,hpq
tsla,jd,bidu,baba
gild,glpg,jnj,abbv
aapl,swks,qrvo,crus
tsla,jbl,fmc,dva,dgx,ul
exas
fb,ul
biib,celg,amgn,vrtx
pm,mo,bti
goog
hal,slb,dvn,apc,mro
googl
cprx,alxn
bhp,vale,rio
wmt,amzn,ebay,msft
amzn
f
aapl,fb,googl,amzn,nflx,msft
amzn,vmw,intu
rng,osur
bac,all,gmed
cost,amzn,amzn,wmt
amzn,googl,fb
pypl
swks,aapl,avgo,qrvo
c,jpm,bac,ms,gs
bcs,nxpi,so,aapl,msft,xom
googl,nflx,amzn,fb,fcau,adsk,wb,baba,jd
siri
celg
mgt
snap,fb,twtr
vrtx,amgn,biib,celg,gild,alxn
baba,ugp,tlk
amzn,aapl,wmt
gs,ko,gis,slb,gild,csco,t
shop
msft,amzn,wmt
ibm
t,twx
df
xom,cvx,hal,cop,dvn,mro,xec,clr
myl,aapl,gm,atus,sdrl,shw,trco
mdlz,intu,rcl,msft,yum,acn,wfc,syf,bbt,cma,oke,aph,hsy,mpc,rsg,mck,mplx
unh
atvi
twtr,fb
nflx
bby,aapl,t
amzn
msft
nflx,amzn
acad,exas,nbix
nke
ko
feye,csco,msft
baba,fdc
amd,intc
googl,fb,amzn
ibm
amgn,lly
aapl,wfc
mu
hd
aapl
hban,key,wfc,bbt,rf,fitb,jpm,sti,usb
baba,aapl
amzn,googl,nflx,fb,aapl,tsm
ge,cmi
aapl,goog,fb,ibm
nvda,ry,amd
iqv,bmrn,sgen,dva,uhs,dxcm,nbix,prgo,nktr,srpt
aapl,amzn,tm
fb,amzn,nflx,snap,goog
v
fb,amzn,nflx,googl
iep,sd,bcei
amzn,jcp,kss,dds
msft,nflx
snap,aapl
adp,hlf,cmg
xom,cvx
gs,jpm,ms,bac,wfc
aapl
snap,fb
jo,sbux,jva
s,tmus,dish,vz,chtr
bud
kr,amzn,wmt,tgt
bac
amzn,wmt,tgt
fb,googl,aaba,amzn
gm,gm,f,fcau
gild
aapl
sq,twtr
amzn,fb,goog
adbe,fb,intu,mu,nvda,swks,txn,vrsn,snap
nvda,intc,amd,aapl,msft
m,amzn
c,ffin,cbu,hsbc
tsla,twtr,crm,goog,aapl,fb,msft,tif,jci,ms,cvx,xom
sq,twtr
hlf,iep
tsla
msft,fb,aapl,amzn,nflx,googl,hpq,hpe,intc,crm,dltr,fl,dfs,jpm,apc,akam
goog,aapl,amzn
schw
aapl
ibm,amzn,crm
zsan
baba,amzn,googl,aapl
gs,ms,stt
tsla
gtxi
luv
cl,wba,cost
amzn,home,tgt,tjx,olli,five,eye
spot
ebay
tsla,twtr,aapl
yum,mcd,dpz,cmg,sbux
unp,cmcsa,t,tmus,vz,nee
ms,gs,jpm,bac,ubs
gs
c
adi,mxim,txn,qrvo,mchp,tel
amzn,cme
mu
pm,mo
baba
wmt,cost,amzn,amzn
hlt,mar
nke,cmg
swks,aapl,jbl,xlnx
sq
dis,nflx,fox,cbs,cmcsa
tsla
mcd,sbux
nlsn
amzn,aapl,goog,msft,aapl
tgt,gm
orcl
nke,amzn,uaa,fl,dks
sum,acm,vmc,gs,gva
gs
aapl
aapl
smg,gwph
wmt,amzn
pypl,fb
msft
tsla
amt,cci,wy,sbac
ko,fb,googl,msft,csco,ngg,mcd
twtr
f
xom,vlo,cop
nflx,amzn,cmcsa,snap,dis
tsla,f
bb,f,qcom
fb,gs,csco,wdc,ea,nvda,xrx,gpn,ebay,tel,snps,ttwo,googl
amzn
amzn
viab
amzn
nflx
nke
msci
cytk,biib,ions
gpn,lw,vmc,mtn,csgp,stmp,bfam,sbac,iac,nflx,cag,trow,v,amzn,ebay
fb,sne,dis
crbp
cmcsa,fb,amzn,nflx,goog,swks,nvda,lrcx,adbe,crm
aapl
lulu
ea,atvi,ttwo
fslr,spwr
bmy
ge,cmi,utx,hon,ir,itw
axta,ppg
gs,wmb,cog,nbl,hal,oxy,cop,fti,pxd,eog,xom,cvx
jnj,xom,ko
cohr,cj,tho,exel,pten,celg,ph,nktr,alb
tsla,aapl
dis,amzn,twtr
isrg,nvda
fb
fb
rht
ter,mxim,mrvl
celg,gild
hlf
nflx,dis
amzn
nov,kmi,pxd,cog,mpc,nov,kmi,pxd,swn,hes,apa,rig,chk,swn,hes
intc,nvda,txn
fslr,spwr
tsla
bb,msft,vmw,ctxs,qcom
mat,has
ge
aapl,hpq,goog
snap,fb
gm
tsla
fnsr,cien
amzn
amzn,jpm
amzn,baba
jpm,bac,c,ms,bcs,amzn,aapl,fb,msft
schw
mu,wdc
baba,amzn,nflx
qcom,intc,nxpi
baba
mpc,dvn,cvx
clrb
fit,aapl
f
tsn
blk,pnc,afl,orcl,aapl,cvs,idxx,chd
stz,cgc
schw
axp
wmt,amzn,kss
jpm,bac,wfc,c,ms,gs,bk,stt,aig
atvi
lulu
googl,amzn,aapl
smg
dri,mcd,yum,yum
dnkn,nyt,rdfn,tech,cars,expe,jcom,logi,payc,wix,nflx,spot
ci,amzn,cvs
msft,nflx,googl,fb
adbe
jpm,bac,gs,c
amzn
cme,virt
msft,fb,goog
amzn,msft,ibm
adi,aph,mchp,cy,xlnx,tsm,aapl,nvda
vz
intc
amzn,amzn,cost,wmt,kr,tgt
ryn,ryn
dis,nflx
atvi,cyou
amzn,nflx,ebay,googl,snap
vz,aaba,baba
ba,lmt
amzn,googl,orcl,msft
psa,exr,lsi
fb,amzn,nflx,googl,baba
aapl
aapl,baba
adbe
nvda
tsla
wynn,lvs,mlco
tsla,tsla
fb,snap
baba,pypl,sq,jd,amzn
intc,nvda,qcom,msft,goog
nvda
w,amzn,wmt
amzn
aa
mx,env,efii
axp
ksu,aal
urbn,amzn
dis
intc,amd,nvda
ms
baba,sbux
ibm,baba
vrtx,exas
fdx,amzn,tsla
wfc,pru
wmt
amzn,bby,cost
fb,nflx,googl,amzn,aapl
aapl,msft,amzn
gild,celg,incy
bmo,bac,bcs
roku,nflx,amzn
googl,aapl
bud
tgt,aaba,chkp,symc,feye
jjm
amd,intc,nvda,mu,mram
dis,sbux
fox,vsat,syf,qrvo,qcom,lexea,fwp
cat,hon,mmm
amd,intc,nvda
ups,fdx,amzn
antm,hum,unh
hd,low
rbs,db,bcs
xlrn,celg,amgn,jnj
amzn,nflx
ibm,amzn
amzn,goog,cpb
nvda,intc,ceva,snps,cdns
m,jcp
amzn,nflx,intc,aapl,ba,mmm
gm
tmus,t,vz,s
ge,gs,ea,slb,pcg
snap
lly,mrk,pfe,bmy
pypl
amzn,angi,yelp
nke
amgn,regn,sny
msft,amzn,goog,ibm
jpm
gild
cvx,xom
db
f,gm
msft,amzn
bb,aapl
baba,aapl
amzn,aapl
avgo,nvda,jpm,aapl
amzn,baba,bidu,aapl
mrk,aapl,nke
nflx,dis,amzn,googl
teva
shop
msft,googl,fb,twtr,nvda,amd
bdc,glw
googl,baba,bidu
amzn
ge,xom
mime,wix,team,hubs,inst,now,zen,appf
ms,msft,csco,dis,nee,etfc,knx,lyb,tmus
aapl
dis,fox,nflx,cmcsa
amd
nke
aapl
intc
cmg,cmg
intc
v
pzza,wen,mcd
amzn,nflx,fb,aapl,googl
len
cm,cfg,ge
aapl
z
baba
tlry,cgc
sq,pypl
agn,mrk,mdco
aapl,amzn
amzn,wmt,m,ebay,baba
s,vz
wmt,amzn
ibm
etfc,wfc
amzn,amzn,nke,bks,m,jwn,kss,cost,etsy,aprn,fl,ups,fdx,wba,cvs,rad
gs,nmr,bk,jpm,ntrs
amd
rcl
x
mcd,dpz,yum
googl,baba,amzn,wmt
aapl,msft
tsla
fslr
amd,nvda
f
snap
gs,intu,aapl,syf
amzn,blmn,cag
adbe
cgc,gwph,tlry,cron
snap,fb,twtr
panw
jwn,tjx,m,kss,jcp,dds
teva
nflx,lrcx,snap,lbrdk,feye
key,avgo,gps,qcom,amzn
fb,tsla,twtr
tsla
amd
amzn,fb,bkng,twtr,yelp
aapl
aapl,googl,amzn
googl,amzn,fb,msft,tsla
dis,etfc,hum,knx,msft,oxy
amd,intc
amzn
pypl,nflx,amzn
pep,sbux
tsla,f,gm
qcom,mu,mu,qcom,avgo,nxpi
aapl,msft,jpm,unh,psx,wfc,hon
gbt,fold,srpt
uaa,nke,dsw
rad,wba,cvs
zts
mdt,tgt,syy,afl,adp,rop
csco,csco,intc,eric
efx
aapl
amzn,wmt,tgt,aapl,goog,bby,gs
mmm
adap,gsk,pgnx,clsd
twtr,fit,dis,cmcsa,viab,googl
fb,googl,nflx,aapl,amzn
t,vz,nflx,amzn
twtr,amzn,fb,aapl
vmw
mu
nvda,amzn,googl
tsla,gm
nvda,amd
morn,trow,lpl,viab,syy
feye,csco
intc,avgo,qcom,nxpi
goog
dg,dltr,wmt
bac,c,jpm,isbc,wal,gwb
yelp,grub,amzn,aprn
gm
twlo,amzn
c,bac
dis
pcar,batra,cnhi,sne,npo
nflx,amzn
dis,nflx
pep,ko,deo
aapl,googl,spot
t
aaxn
tol,tol,len
hog
amzn,jd,baba
m,amzn
lrcx,ter,amat,swks,on
gild,biib,mrk
pfe,azn
pzza,cmg
nvda,csco,amat
bgfv,dks
lpcn
amzn,amzn,kr,ande
pm,bti,bti
amd,nvda,amat,on
tsla
tsla
tsla,fslr
fb,amzn,aapl,nflx,goog,nee,duk,d,so,exc
tm
jpm,bac
snap,twtr,fb
aapl
ges
qcom,nxpi
jpm
cost,amzn
nktr,entg,azpn,mksi,grub,mpwr
fcx,clf
amzn,amzn,kr,cost
viab,cbs
nvs,amgn,abbv,agn,biib,jnj,mrk,sny
fb,amzn,nflx,goog,aapl,msft,intc,orcl,csco
orcl,gm,pep,lmt,ibm
twtr,fb,snap
tsla
fb,goog
aapl
f,gm,acn,ibm
vz,aaba,t,tmus,s
biib,amgn,gild,celg,regn,ilmn,alxn,vrtx
ba,rtn,lmt,lll
tsla
orcl,msft,amzn,fb
fb
acad
amzn,ups,fdx
qcom,aapl
msft,googl,fb,wday,amzn
ba,lmt,noc
orcl,amzn
nvda
xom,cvx,tm,hmc
cost,tgt,wmt,amzn
gild
ba
ko,pep
tsm,intc,nvda,qcom,txn
ko,pep,sbux,amzn
rarx
tsla
msft
peo,alb,fang,dwdp
snap,fb
aapl,mxim,qcom,fit
tot
ups
amzn
blk
amzn,gsk
twtr
blk
aapl,bb,nok,msi
len,tol
lm
crk
snap,fb
ms,ry,c,jpm,wfc,bac,gs
gild
aapl
supn,teva
amzn
sq,v
goog,fb
amzn,wmt,dg
twtr,fb
exel
teva,pfe,agn
nflx,amzn,dis
mo,pm,bti
siri,aapl
fb,goog
wmt,amzn
fb,amzn,nflx,gs,ms
z
goog,aapl,fb,sq,pypl
amzn,bkng,googl
fit,gpro
tsla,ge,ebay,gm
cat,key,ph,bwa,amat
aapl
s,tmus,cmcsa
nke
celg
cf,mos,uan
twlo
baba,pypl,aapl,fdc,goog
csco,swks,aapl
amzn
nflx
wfc
msft,amzn,googl
aapl
uaa,nke,lulu
twtr
msft,amzn
spot,aapl,googl,amzn,fb
intc,nvda,tsla
twtr,fb
agio,srpt,once
fb,amzn,goog,atvi,ea,ttwo,aapl,snap
mu
amzn,v,bkng,pypl,stz,dfs,flt,abmd,wex,axp
fb,amzn
sq,twtr,pypl,shop
len,dhi,phm,lgih,tol,wy
mcd
bac
bac
gild,incy,vrtx
sbux,twtr
amzn
nvs
gs
fb,twtr,snap
cat,hog
atvi,ea,ttwo
nflx,amzn,dis
nflx
jpm
spwr,tsla
googl,aapl,ibm,tsla
avgo,qcom,aapl,bmo
wfc
aapl,goog
aapl,avgo,swks,qrvo,crus,intc,txn,lscc
amzn
amd,intc
nflx,amzn,dis,foxa,cmcsa,aapl,fb
aapl,hpq,sne
cmcsa,fox,fox,jwn
fb,twtr,snap
shak
dg,tgt,wmt,dltr,dg,dltr
amzn,pypl,sq
ba,lmt,csx,mmm,ge,rtn
xom,cvx
dis,cmcsa,fox
nvda,amat,intc,xlnx,avgo
nke,amzn
orcl,msft,adbe,crm
qcom
fox,dis,nflx,amzn,aapl,fb,amc,cmcsa
tsla,gs
aapl,goog,msft
apc,cdev,pe
jnj,unh
tmus,s
tsla
amd,nvda
tsla,tsla
aapl,msft,amzn
mu
mcd,wen,qsr
pfe,gt,leg
jpm,gs,ms,bac
tsla,foxa
true
wfc
fb,aapl,msft,goog,amzn,intc
msft,msft,ba,adbe,amzn
csco,msft
ebay
m,tgt,jcp
qcom,nxpi
gs,amd,mu,intc,hpq,de,hca,bmy,mgm,wmt
tsla
wmt,amzn
aapl
v
cs
amzn,cvs,rad,wab,prgo,jpm
ba
aapl,msft,amzn,googl
jpm,c,db,googl,ebay,aapl,fds
xlk,amzn,goog
adap
mu
adsk,vrtx,len,ulta,qrvo,vmc
panw,ftnt,chkp,csco,ibm
dis
nke,dks,fl,uaa
msft
crm
aapl
mrk,pfe
fcau,gm,f
cmg
f,gm
symc,panw,feye,csco,pfpt
twtr,fb
msft,sbux,gs
fb
hd,txn,pg
tsla
biib
cfg,fitb,zion,rf
db,ge,jpm,goog,googl,ubs,kbr,bac,bxc,cnc,wfc,amd,fitb
aapl,msft,fb
vmw
ups
ssnlf,aapl,fit
amzn,msft
deo
kkr,aapl,googl
aapl,msft,fb,googl,intc,amzn
vz,s
mro
aapl,amzn,goog,msft
plug
aapl
aapl,nflx,amzn
mu,nxpi,mchp,amat,qcom
csx,cp
tm,goog
nvda,amd
googl,amzn,csco,fb,hsy,hlt,msft,nflx,jwn,uaa
aap,orly
bcs,gs
amzn,fb,baba,bidu
bac
amzn,jpm,antm,unh,cvs
aapl,amzn,fb,googl,nflx
wmt
crsp
tsla
intc,tsm,amd,nvda,xlnx
gm,f,tsla
intc
nflx,amzn
blk
bbby
sbux
amzn,cost,wmt,kr
amzn,msft,aapl,fb,nflx
cgc,stz,tap,deo,cron
m
idra
fb,amzn,aapl,nflx,goog
baba
t,tmus
amzn
mcd
aapl
chtr,vz
ba
shop,etsy,aprn
ntg
amzn,msft,vnet,baba,cha
tlry,tlry,cgc,ko
mdt,fb,ko
auph
c
jpm,cboe,ms,gs,bac
pulm,apop,tenx,sls,gnmx
v,c,ma,fb,googl,jpm,wfc
wmt,googl
aapl,googl,amzn,mmm,ge,de
wing,yum
sq,pypl
intc,tsla,gm,goog
nvo
trex,bldr,hd,usg
pcln,expe
hsbc,jpm
c,teva,agn,nvo,gild,mck,lly,nvs,cvs,bhp,rio,hal,cnq,eog,pxd,nvda,amat,hpe
uaa,ua
coty,pg
wtw
csco,anet,ntnx,pstg,panw,fb,msft
gild,mrk,abbv
mrk,pfe,lly,drna
pm,bti,bti,mo
fb
el,elf,ulta
alxn,bmrn,celg,exel,regn,srpt,gild,vrtx
mcd,wen
aapl,amzn,fb,googl,msft
amzn,goog,aapl,jpm,baba
fb
jpm,fb,msft,googl,mcd,ba,t,xom
ko,wfc
baba,msft,amzn
etfc,schw,amtd
trip,symc,sbac
schw,etfc,amtd
aapl,jpm
gern,jnj
nke,m,tgt,dg,jcp,kss,dds
lgcy
jpm,c,gs,ms,bac,wfc
pypl,aapl,jpm,c
pfe,agn,mdt
gs,bac,wfc,met,ice,blk,de,cat,noc,lll,ups
aapl,ba,cat
fb
mu
aprn,amzn,amzn,wmt
cs
aapl
cmg
gs
tsla
googl,fb
nvda,googl,tm,tsla
wft,swn,hal
blk
fcel,plug
cmg
jazz
mu
regn
schw,vlo,nee,all,csco,hd
nke
goog,amzn,aapl
aapl
gs,fitb,wfc,jpm,ms,rf,bac
fb
mpc,vlo,psx
amzn,msft,jpm
goog,msft,eqnr,tot
f
jpm,bac,c
baba
amzn
fslr
cerc
trip
trvg
ge,dis,nflx,mcd,ibm,gs,tgt,amzn,aal,f,tsla,db
jpm,gs,c,wfc
dwdp
t,fb,goog,twtr
goog,fb
stx,wdc
fb,aapl,amzn,nflx,goog
pypl
acad,bmrn
abbv,amgn,mnta,jnj,pfe,sny,lly,mrk,cvs,nvs
f
jpm,bac,bbt,c,cfg,fitb,pnc,rf,sti,usb,wfc
dis,foxa,nflx,amzn,cmcsa
f,gm
clvs
googl,amzn
catb,srpt
fb
qcom
cien
gm,f,tsla
nvda
intc,aapl
amzn,msft
ea
mcd
celg,celg,gild,amgn,biib
aapl,nflx,dis,fox,atvi,ea,ttwo,tsla,amzn
roku
jnj
csco,atvi,pypl
spot,nflx,aapl,amzn
gild
aapl
pep,ko
tgt,m,gs,ge,ba,lly,msft,pep
fb
aapl,ko,dal,v,ma,teva,bac,usg
wdc,stx
goog
hog
mrns
tsla
nvda,amd
life
aapl,fb,googl
nok,aapl,fb,googl,qcom
hal,slb
nflx
fb
amzn,googl,fb
msft,ibm,qcom,intc
v
amzn,tsla
lly
amzn,amzn,hpe,hpe,fb
gild
mrk,jnj,gild,gsk
gs,sq
avgo,qcom,aapl
googl,t,vz,jnj
jpm,amzn,aapl,pfe,vz
eea
amzn,goog
fb,goog,nflx,amzn,snap
ge
nflx
ba,gd,lmt,noc
nvda,amd,nvda
amzn,ups,fdx,wmt,tgt
msft,amzn,goog,intc
cat
fb,nflx
amzn,goog
uaa,nke,fl,gm
mu
oil,uwti
biib,celg,gild,amgn
srpt
wba,t,cvs
now,newr,wday,payc,nvda,blue,sage,once,celg,fb
tsla,baba
pch,ip
bac
agio,espr,vrtx
stmp,amzn
tif,amzn,gps,kss,uaa
mu
intc,csco,gs,ba,ge
googl
amd,intc
nflx
snap,aapl,aaba,baba,teva,pfe
spy,eem,clb,tsla,tsla,vrx,hlf,hhc,amzn,nflx,ctl,gimo,mplx
cmg
eb,lyv
jpm
aapl
goog,amzn,msft
googl,aapl
s,nflx,amzn,aapl,t,tmus
gs,amzn,googl
rjf,amd
baba
cmg
dis,fox,cmcsa,sne,vz,nflx,t
vz,chtr,t,foxa,dis,cmcsa
ibm,rht
ko,mnst
ko,pep
tsla
msft
gm
agn,biib,celg,myl,abeo,amrn,dova,espr,immu
ibm
fb
amzn,tgt,googl
nke,uaa
jpm
msft,jpm
jcp,dds
msft,amzn,goog,aapl
nflx,dis,aapl
cof
aapl
fb,goog
fslr,spwr,tsla
avgo,adbe,fb,amzn,nflx,googl,aapl
regn,sny,amgn
amzn,intc,msft,ibm,caj,goog,aapl
nke,amzn,nflx,chtr
tgt,wmt,amzn
wfc
ibm
mu,stm
fb
fcx
fb,aapl,amzn,nflx,googl,bidu,baba
hsbc,gs
fb,snap,googl,twtr
odp,amzn
pypl,ebay,pfe,hon,bhp,ge,zts,biib,ois,cveo,hpq,hpe
aapl,cy,fslr,pstg,logm,okta,etsy,hubs,cy,fslr,pstg,logm,okta,etsy,hubs,avgo,amzn,ebay,baba,wmt,csco
yelp
gs
atvi,nvda,pypl,fb
goog,intc,nvda,amzn,msft
aapl,oled,mu
fslr,enph
lulu
exas
nflx,aapl,amzn
bidu
f,gm
aapl,msft,amzn
mtz,cpa,len
celg,gild,amgn,alxn,biib
nvda,baba,bidu,jd
msft,sne
azo,orly,aap
nvda
amzn
msft,amzn,kr,goog
amzn,tgt,lulu,bbby
snap
mu,intc,amd
wmt
aig,xrx,pypl,iep,fcx,hlf
ebay
baba
aapl
xom,cvx,oxy,slb,hal,bp
ba,ba,ge,aal
aapl,googl,fb,amzn,nflx
dal,aal,ual
goog,jnj,fb
ostk
ba
fb,googl,sne
gs,aapl,fb,googl,hpq,v,ma,nflx,nke,celg,c,qcom,chrw,xom,psx,wu,vz,tap,adm,aes
azn
jpm,bac,c,ms,gs
bx,apo,kkr,cg
twtr,wb,sina,goog,fb
aapl
tsla
grub,sq,amzn
cbs
goog
ba,lii,cat,hog,pii
bbby,cs,jpm,wsm,pir
fb,tsla,twtr
aapl
jpm
nvda
t,tmus,vz
tif
mat,has
aa,ely
fb,twtr
fb,googl,amzn,expe
aapl,it,goog,mov
teva,agn
srpt,alxn,bmrn,vrtx
aapl,amzn,snap,googl,nke,rl,vfc
qcom,nxpi
tsla,jnpr,tm,fox
fb,googl
ibm
aapl
mdt
tsla
ostk,amd,uaa,nflx,ea
msft,crm,googl,amzn
hd
amzn
tsla,gm
baba
goog,fb,snap
tsla
baba
lulu,pvh,vfc
vz
googl
gs,aapl,fb,amzn,msft,googl,nflx
abeo,acor,amrn,bcrx,dova,espr,immu,abeo,acor,amrn,bcrx,dova,espr,immu
ko,bp,intc
snap
fb,amzn,aapl,nflx,googl
goog,sne,t,cmcsa,dis,amzn,fb,dish,fox
fb,twtr
baba,jd
msft,amzn
myl,amgn
amzn,wmt
tsla
tsla
db
baba,ibm
dhi,phm,len,mth
jbht
jpm
tsla
hon
aapl,amd,intc,nvda,qcom,baba
tsla
amzn,wmt
nvda,mu
mrvl,avgo,qcom,nxpi
nvda
tsla,gm,aapl,googl
mcd
fb,aapl,amzn,nflx,googl
c
baba,mar
amzn,twtr,googl,vz,fox,cmcsa,cbs
cost,amzn
amzn,fb,nflx,goog
baba
aapl,goog,amzn
efx
sne,msft
msci
gps,fl,kmt,tkr,avgo,casy,hca,amgn,vac,sc,ivz,nke
jwn
cree
tsla
aapl
tsla
aig,hig,met,jpm,bac,ms,stt,bbt,cfg,key,wfc,fb,googl
mpc,vlo
aapl
fb
nke,hlf
hrl,pg,hsy,dpz,hd,khc
wba
tsla,gm,f,hmc,tm
mrk
vrsn,amgn,cdns,adbe,idxx,lsxma,orly
amzn
ibm
fb,nflx,amzn,googl
wti,apa
nke
fb,amzn,aapl,nflx,googl,tsla,qcom,sbux,msft,cvs
tsla
celg,biib,amgn
qsr
aapl,qrvo,swks
aveo,bmy
jpm
amd,nvda
amd
gm
twtr,sq
msft,sne
tsla
pm,mo
aapl
goog,xom
adbe,gpn,xray,usfd,zts,site,novt,gdi,tech,psdo,csgp
tsla,aes,tsla
msft,aapl,intc
gm
ntdoy
googl,fb,nflx
uaa
mdco,alny
goog
bac
aaoi,cala,wtw
fb,googl,lulu,hubs,ulti,aapl
low,hd
tsla,nvda,amd,f,gm,goog,aapl
nflx
amzn,googl
pfe
ea
ms
pypl,sq,intu
acad,bgne,icpt
baba,amzn
twtr,googl,fb
gs
twtr,fb
masi,phg,mdt,abmd
adbe,wday
intc,tsm,qcom,aapl
atvi,ttwo,nvda,msft,sne
aapl
fe
nflx,dis,amzn,roku
gm,kss,mos,adm,nov
fit,goog
rig,hes,apc,ry,gs
msft,wday,crm
tsla,f,gm
amzn,jpm
mcd
rig
aapl
vz
csco,fb,vmw,aapl,t,msft,jnpr,amzn
intc,nvda
amzn,tjx,kss
amd,nvda,amat
bc,ely,low,patk,rh,shop,sfix,lpx,tif,wmt,nke,hd
baba
aapl,amzn
pfe,bmy,mrk,azn
tsla
aapl,goog,amzn
tsla
amzn,nke,amzn
bah,gd,lll,spr
nke,uaa
tsla
rcl,nclh,ccl
aapl
fb,pypl
vz
mck,cah
goog,fb,twtr
adbe,cvx
mat,has
xom
info,qsr
wmt,amzn
twtr,amzn,vz,goog
aapl,amgn,csco,pfe,bac
aapl
qcom,amat,on
aapl
tsla
bac,jpm
nflx,googl,fb,amzn
